run,slice,exposure_us,n_dark_total,n_dark_used,dark_mean,dark_median,dark_std,dark_max
auto_scan-2026-07-29_12-37-22,y0090.00cm,1000000.0,25,2,0.002216815948486328,0.0,0.12957777082920074,154.0
auto_scan-2026-07-29_12-37-22,y0090.50cm,1420.7106370192307,12,2,0.10381206125020981,0.0,0.3051226735115051,7.0
auto_scan-2026-07-29_12-37-22,y0091.00cm,1420.7106370192307,12,2,0.030062993988394737,0.0,0.17082132399082184,7.0
auto_scan-2026-07-29_12-37-22,y0091.50cm,1420.7106370192307,12,2,0.09707339853048325,0.0,0.2961166203022003,7.0
auto_scan-2026-07-29_12-37-22,y0092.00cm,1420.7106370192307,12,2,0.08889087289571762,0.0,0.2846854627132416,8.0
auto_scan-2026-07-29_12-37-22,y0092.50cm,1420.7106370192307,12,2,0.029481887817382812,0.0,0.16923214495182037,8.0
auto_scan-2026-07-29_12-37-22,y0093.00cm,1119.549580109425,12,2,0.052038829773664474,0.0,0.22218161821365356,9.0
auto_scan-2026-07-29_12-37-22,y0093.50cm,1119.549580109425,12,2,0.021156469359993935,0.0,0.14400935173034668,8.0
auto_scan-2026-07-29_12-37-22,y0094.00cm,1119.549580109425,12,2,0.021515527740120888,0.0,0.1452202945947647,9.0
auto_scan-2026-07-29_12-37-22,y0094.50cm,1119.549580109425,12,2,0.02735137939453125,0.0,0.16321848332881927,9.0
auto_scan-2026-07-29_12-37-22,y0095.00cm,1119.549580109425,12,2,0.0258331298828125,0.0,0.15876904129981995,10.0
auto_scan-2026-07-29_12-37-22,y0095.50cm,1119.549580109425,12,2,0.052451133728027344,0.0,0.22303250432014465,10.0
auto_scan-2026-07-29_12-37-22,y0096.00cm,1119.549580109425,12,2,0.04751253128051758,0.0,0.21283844113349915,10.0
auto_scan-2026-07-29_12-37-22,y0096.50cm,930.7024806074505,12,2,0.016018232330679893,0.0,0.12574900686740875,11.0
auto_scan-2026-07-29_12-37-22,y0097.00cm,930.7024806074505,12,2,0.014529228210449219,0.0,0.11987408250570297,11.0
auto_scan-2026-07-29_12-37-22,y0097.50cm,930.7024806074505,12,2,0.013767560012638569,0.0,0.11675824224948883,11.0
auto_scan-2026-07-29_12-37-22,y0098.00cm,930.7024806074505,12,2,0.027322769165039062,0.0,0.16319924592971802,11.0
auto_scan-2026-07-29_12-37-22,y0098.50cm,930.7024806074505,12,2,0.02630074881017208,0.0,0.16021797060966492,12.0
auto_scan-2026-07-29_12-37-22,y0099.00cm,930.7024806074505,12,2,0.03116830252110958,0.0,0.17394070327281952,11.0
auto_scan-2026-07-29_12-37-22,y0099.50cm,930.7024806074505,12,2,0.012731711380183697,0.0,0.1123763918876648,11.0
auto_scan-2026-07-29_12-37-22,y0100.00cm,930.7024806074505,12,2,0.011950810439884663,0.0,0.10895167291164398,12.0
auto_scan-2026-07-29_12-37-22,y0100.50cm,930.7024806074505,12,2,0.011618773452937603,0.0,0.10746888816356659,12.0
auto_scan-2026-07-29_12-37-22,y0101.00cm,930.7024806074505,12,2,0.011194069869816303,0.0,0.10551828145980835,12.0
auto_scan-2026-07-29_12-37-22,y0101.50cm,930.7024806074505,12,2,0.022342046722769737,0.0,0.14802581071853638,12.0
auto_scan-2026-07-29_12-37-22,y0102.00cm,741.1330806100381,12,2,0.01592731475830078,0.0,0.12547342479228973,12.0
auto_scan-2026-07-29_13-17-16,y0100.00cm,1000.0,12,2,0.08366521447896957,0.0,0.27704694867134094,14.0
auto_scan-2026-07-29_13-17-16,y0100.50cm,1000.0,12,2,0.04248046875,0.0,0.20191244781017303,14.0
auto_scan-2026-07-29_13-17-16,y0101.00cm,1000.0,12,2,0.04396311566233635,0.0,0.20524035394191742,14.0
auto_scan-2026-07-29_13-17-16,y0101.50cm,788.0208333333333,12,2,0.02766132354736328,0.0,0.1642850637435913,14.0
auto_scan-2026-07-29_13-17-16,y0102.00cm,788.0208333333333,12,2,0.026805400848388672,0.0,0.16179803013801575,14.0
auto_scan-2026-07-29_13-17-16,y0102.50cm,788.0208333333333,12,2,0.027342000976204872,0.0,0.16335825622081757,14.0
auto_scan-2026-07-29_13-17-16,y0103.00cm,788.0208333333333,12,2,0.02725982666015625,0.0,0.16312049329280853,14.0
auto_scan-2026-07-29_13-17-16,y0103.50cm,788.0208333333333,12,2,0.027519861236214638,0.0,0.163876011967659,14.0
auto_scan-2026-07-29_13-17-16,y0104.00cm,788.0208333333333,12,2,0.027817407622933388,0.0,0.16476589441299438,14.0
auto_scan-2026-07-29_13-17-16,y0104.50cm,788.0208333333333,12,2,0.028066476806998253,0.0,0.16546928882598877,14.0
auto_scan-2026-07-29_13-17-16,y0105.00cm,788.0208333333333,12,2,0.028778076171875,0.0,0.16750304400920868,14.0
auto_scan-2026-07-29_13-17-16,y0105.50cm,788.0208333333333,12,2,0.02950000762939453,0.0,0.169528067111969,14.0
auto_scan-2026-07-29_13-17-16,y0106.00cm,788.0208333333333,12,2,0.030102252960205078,0.0,0.17122241854667664,15.0
auto_scan-2026-07-29_13-17-16,y0106.50cm,788.0208333333333,12,2,0.03135998919606209,0.0,0.17467524111270905,14.0
auto_scan-2026-07-29_13-17-16,y0107.00cm,788.0208333333333,12,2,0.06368669122457504,0.0,0.24451389908790588,15.0
auto_scan-2026-07-29_13-17-16,y0107.50cm,788.0208333333333,12,2,0.03180519863963127,0.0,0.17582666873931885,15.0
auto_scan-2026-07-29_13-17-16,y0108.00cm,788.0208333333333,12,2,0.03211943432688713,0.0,0.17664732038974762,15.0
auto_scan-2026-07-29_13-17-16,y0108.50cm,788.0208333333333,10,2,0.15954811871051788,0.0,0.448079913854599,14.0
auto_scan-2026-07-29_13-17-16,y0109.00cm,788.0208333333333,10,2,0.15684254467487335,0.0,0.44197604060173035,15.0
auto_scan-2026-07-29_13-17-16,y0109.50cm,788.0208333333333,10,2,0.15526945888996124,0.0,0.43508511781692505,15.0
auto_scan-2026-07-29_13-17-16,y0110.00cm,788.0208333333333,10,2,0.15286366641521454,0.0,0.427828848361969,15.0
auto_scan-2026-07-29_13-17-16,y0110.50cm,788.0208333333333,10,2,0.15220610797405243,0.0,0.4271209239959717,15.0
auto_scan-2026-07-29_13-17-16,y0111.00cm,677.4292732007574,10,2,0.11330684274435043,0.0,0.36157968640327454,15.0
auto_scan-2026-07-29_13-17-16,y0111.50cm,677.4292732007574,10,2,0.1126306876540184,0.0,0.35975489020347595,14.0
auto_scan-2026-07-29_13-17-16,y0112.00cm,677.4292732007574,10,2,0.11235570907592773,0.0,0.3566901385784149,15.0
auto_scan-2026-07-29_13-36-52,y0110.00cm,500.0,12,2,0.0008192062377929688,0.0,0.030083198100328445,14.0
auto_scan-2026-07-29_13-36-52,y0110.50cm,500.0,12,2,0.0015199979534372687,0.0,0.03999219089746475,13.0
auto_scan-2026-07-29_13-36-52,y0111.00cm,500.0,12,2,0.003534476039931178,0.0,0.06006491184234619,14.0
auto_scan-2026-07-29_13-36-52,y0111.50cm,500.0,12,2,3.7988025724189356e-05,0.0,0.010954545810818672,14.0
auto_scan-2026-07-29_13-36-52,y0112.00cm,500.0,12,2,3.8305919588310644e-05,0.0,0.011325513012707233,15.0
auto_scan-2026-07-29_13-36-52,y0112.50cm,500.0,12,2,0.003969669342041016,0.0,0.0635988786816597,14.0
auto_scan-2026-07-29_13-36-52,y0113.00cm,500.0,12,2,3.7670135498046875e-05,0.0,0.011184291914105415,14.0
auto_scan-2026-07-29_13-36-52,y0113.50cm,500.0,12,2,3.6080677091376856e-05,0.0,0.010705048218369484,13.0
auto_scan-2026-07-29_13-36-52,y0114.00cm,500.0,12,2,0.004560947418212891,0.0,0.06797473877668381,13.0
auto_scan-2026-07-29_13-36-52,y0114.50cm,500.0,12,2,0.004465579986572266,0.0,0.06732355803251266,14.0
auto_scan-2026-07-29_13-36-52,y0115.00cm,500.0,12,2,3.592173379729502e-05,0.0,0.011120161041617393,14.0
auto_scan-2026-07-29_13-36-52,y0115.50cm,500.0,12,2,0.0060380301438272,0.0,0.07798897475004196,13.0
auto_scan-2026-07-29_13-36-52,y0116.00cm,500.0,12,2,0.007112979888916016,0.0,0.08452823758125305,13.0
auto_scan-2026-07-29_13-36-52,y0116.50cm,500.0,13,2,0.09520705789327621,0.0,0.38361188769340515,14.0
auto_scan-2026-07-29_13-36-52,y0117.00cm,500.0,10,2,0.08877976983785629,0.0,0.35467901825904846,15.0
auto_scan-2026-07-29_13-36-52,y0117.50cm,500.0,10,2,0.08713293075561523,0.0,0.3415711224079132,16.0
auto_scan-2026-07-29_13-36-52,y0118.00cm,500.0,10,2,0.08300399780273438,0.0,0.3221299946308136,16.0
auto_scan-2026-07-29_13-36-52,y0118.50cm,500.0,10,2,0.08053763955831528,0.0,0.31251537799835205,16.0
auto_scan-2026-07-29_13-36-52,y0119.00cm,500.0,10,2,0.07747777551412582,0.0,0.30129167437553406,15.0
auto_scan-2026-07-29_13-36-52,y0119.50cm,500.0,10,2,0.07490459829568863,0.0,0.2912812829017639,15.0
auto_scan-2026-07-29_13-36-52,y0120.00cm,500.0,10,2,0.07331451028585434,0.0,0.284575492143631,13.0
auto_scan-2026-07-29_13-36-52,y0120.50cm,500.0,10,2,0.07115650177001953,0.0,0.2766123414039612,13.0
auto_scan-2026-07-29_14-01-15,y0120.50cm,500.0,10,2,0.06782420724630356,0.0,0.2696886658668518,15.0
auto_scan-2026-07-29_14-01-15,y0121.00cm,500.0,10,2,0.0688772201538086,0.0,0.2715936303138733,15.0
auto_scan-2026-07-29_14-01-15,y0121.50cm,500.0,10,2,0.06738599389791489,0.0,0.26583561301231384,14.0
auto_scan-2026-07-29_14-01-15,y0122.00cm,500.0,10,2,0.06475973129272461,0.0,0.2571934163570404,16.0
auto_scan-2026-07-29_14-07-31,y0120.00cm,500.0,10,2,0.07381995767354965,0.0,0.3030036985874176,16.0
auto_scan-2026-07-29_14-07-31,y0120.50cm,500.0,10,2,0.08775154501199722,0.0,0.3295277953147888,15.0
auto_scan-2026-07-29_14-07-31,y0121.00cm,500.0,10,2,0.08723751455545425,0.0,0.32727116346359253,15.0
auto_scan-2026-07-29_14-07-31,y0121.50cm,500.0,10,2,0.08536100387573242,0.0,0.32150354981422424,14.0
auto_scan-2026-07-29_14-07-31,y0122.00cm,500.0,10,2,0.08438444137573242,0.0,0.31905943155288696,14.0
auto_scan-2026-07-29_14-07-31,y0122.50cm,500.0,10,2,0.08366218954324722,0.0,0.3158169388771057,14.0
auto_scan-2026-07-29_14-07-31,y0123.00cm,500.0,10,2,0.08247152715921402,0.0,0.31270328164100647,14.0
auto_scan-2026-07-29_14-07-31,y0123.50cm,500.0,10,2,0.06910864263772964,0.0,0.28090789914131165,15.0
auto_scan-2026-07-29_14-07-31,y0124.00cm,500.0,10,2,0.06875260919332504,0.0,0.27862033247947693,15.0
auto_scan-2026-07-29_14-07-31,y0124.50cm,500.0,10,2,0.0672764778137207,0.0,0.27357909083366394,15.0
auto_scan-2026-07-29_14-07-31,y0125.00cm,500.0,10,2,0.06694348901510239,0.0,0.27303117513656616,15.0
auto_scan-2026-07-29_14-07-31,y0125.50cm,500.0,10,2,0.06700325012207031,0.0,0.27271148562431335,15.0
auto_scan-2026-07-29_14-07-31,y0126.00cm,500.0,10,2,0.07586908340454102,0.0,0.28996598720550537,14.0
auto_scan-2026-07-29_14-07-31,y0126.50cm,500.0,10,2,0.07503112405538559,0.0,0.28710511326789856,14.0
auto_scan-2026-07-29_14-07-31,y0127.00cm,500.0,10,2,0.07403278350830078,0.0,0.28355979919433594,14.0
auto_scan-2026-07-29_14-07-31,y0127.50cm,500.0,10,2,0.0726938247680664,0.0,0.2796418368816376,14.0
auto_scan-2026-07-29_14-07-31,y0128.00cm,500.0,10,2,0.07214689254760742,0.0,0.2774766683578491,14.0
auto_scan-2026-07-29_14-07-31,y0128.50cm,429.8295454545454,10,2,0.048435211181640625,0.0,0.22337482869625092,16.0
auto_scan-2026-07-29_14-07-31,y0129.00cm,429.8295454545454,10,2,0.053577739745378494,0.0,0.23369480669498444,14.0
auto_scan-2026-07-29_14-07-31,y0129.50cm,429.8295454545454,10,2,0.047092121094465256,0.0,0.218628391623497,14.0
auto_scan-2026-07-29_14-07-31,y0130.00cm,429.8295454545454,10,2,0.047197502106428146,0.0,0.2174711376428604,15.0
auto_scan-2026-07-29_14-07-31,y0130.50cm,429.8295454545454,10,2,0.05333868786692619,0.0,0.23077644407749176,14.0
auto_scan-2026-07-29_14-07-31,y0131.00cm,429.8295454545454,10,2,0.05306100845336914,0.0,0.2297605574131012,14.0
auto_scan-2026-07-29_14-07-31,y0131.50cm,429.8295454545454,10,2,0.05317147448658943,0.0,0.22963306307792664,15.0
auto_scan-2026-07-29_14-07-31,y0132.00cm,429.8295454545454,10,2,0.05310249328613281,0.0,0.2288675457239151,15.0
auto_scan-2026-07-29_14-33-49,y0130.00cm,500.0,12,2,3.8623809814453125e-05,0.0,0.011451122350990772,14.0
auto_scan-2026-07-29_14-33-49,y0130.50cm,500.0,12,2,3.655751424957998e-05,0.0,0.010638020932674408,13.0
auto_scan-2026-07-29_14-33-49,y0131.00cm,500.0,12,2,3.6398570955498144e-05,0.0,0.010837852023541927,13.0
auto_scan-2026-07-29_14-33-49,y0131.50cm,500.0,12,2,3.592173379729502e-05,0.0,0.0110052190721035,14.0
auto_scan-2026-07-29_14-33-49,y0132.00cm,429.8295454545454,12,2,3.592173379729502e-05,0.0,0.01096180360764265,14.0
auto_scan-2026-07-29_14-33-49,y0132.50cm,429.8295454545454,12,2,3.846486288239248e-05,0.0,0.01101964432746172,14.0
auto_scan-2026-07-29_14-33-49,y0133.00cm,429.8295454545454,12,2,3.62396240234375e-05,0.0,0.01078640203922987,13.0
auto_scan-2026-07-29_14-33-49,y0133.50cm,429.8295454545454,12,2,3.496805948088877e-05,0.0,0.010517817921936512,13.0
auto_scan-2026-07-29_14-33-49,y0134.00cm,429.8295454545454,12,2,3.2583873689873144e-05,0.0,0.010014650411903858,12.0
auto_scan-2026-07-29_14-33-49,y0134.50cm,429.8295454545454,12,2,3.4332275390625e-05,0.0,0.010334886610507965,13.0
auto_scan-2026-07-29_14-33-49,y0135.00cm,429.8295454545454,12,2,3.560383993317373e-05,0.0,0.01028863713145256,12.0
auto_scan-2026-07-29_14-33-49,y0135.50cm,429.8295454545454,12,2,3.178914266754873e-05,0.0,0.010085821151733398,12.0
auto_scan-2026-07-29_14-33-49,y0136.00cm,429.8295454545454,12,2,3.24249267578125e-05,0.0,0.010022584348917007,13.0
auto_scan-2026-07-29_14-33-49,y0136.50cm,429.8295454545454,12,2,3.5127002774970606e-05,0.0,0.010234426707029343,12.0
auto_scan-2026-07-29_14-33-49,y0137.00cm,429.8295454545454,12,2,3.3219654142158106e-05,0.0,0.010357934050261974,13.0
auto_scan-2026-07-29_14-33-49,y0137.50cm,429.8295454545454,12,2,3.24249267578125e-05,0.0,0.01011728961020708,13.0
auto_scan-2026-07-29_14-33-49,y0138.00cm,429.8295454545454,12,2,3.401438516448252e-05,0.0,0.01031949371099472,13.0
auto_scan-2026-07-29_14-33-49,y0138.50cm,429.8295454545454,12,2,3.5127002774970606e-05,0.0,0.010342569090425968,13.0
auto_scan-2026-07-29_14-33-49,y0139.00cm,429.8295454545454,12,2,3.4809112548828125e-05,0.0,0.01024994719773531,12.0
auto_scan-2026-07-29_14-33-49,y0139.50cm,429.8295454545454,12,2,3.6398570955498144e-05,0.0,0.010357920080423355,13.0
auto_scan-2026-07-29_14-33-49,y0140.00cm,429.8295454545454,12,2,3.5762786865234375e-05,0.0,0.010540458373725414,13.0
auto_scan-2026-07-29_14-33-49,y0140.50cm,429.8295454545454,12,2,3.7352245271904394e-05,0.0,0.01058559212833643,13.0
auto_scan-2026-07-29_14-33-49,y0141.00cm,342.2800538277511,12,2,3.655751424957998e-05,0.0,0.010608096607029438,13.0
auto_scan-2026-07-29_14-33-49,y0141.50cm,342.2800538277511,12,2,5.4518382967216894e-05,0.0,0.011325436644256115,13.0
auto_scan-2026-07-29_14-33-49,y0142.00cm,342.2800538277511,12,2,3.4809112548828125e-05,0.0,0.010808487422764301,14.0
auto_scan-2026-07-29_14-54-27,y0140.00cm,389.94845360824735,12,2,7.788340008119121e-05,0.0,0.013077457435429096,14.0
auto_scan-2026-07-29_14-54-27,y0146.00cm,389.94845360824735,12,2,3.846486288239248e-05,0.0,0.011360542848706245,14.0
auto_scan-2026-07-29_14-54-27,y0146.50cm,389.94845360824735,12,2,8.757909381529316e-05,0.0,0.013010351918637753,13.0
auto_scan-2026-07-29_14-54-27,y0147.00cm,389.94845360824735,12,2,7.152557373046875e-05,0.0,0.012518627569079399,14.0
auto_scan-2026-07-29_14-54-27,y0147.50cm,389.94845360824735,12,2,7.05718994140625e-05,0.0,0.012157929129898548,13.0
auto_scan-2026-07-29_14-54-27,y0148.00cm,389.94845360824735,12,2,3.751118856598623e-05,0.0,0.010889059863984585,13.0
auto_scan-2026-07-29_14-54-27,y0148.50cm,389.94845360824735,12,2,3.8623809814453125e-05,0.0,0.011155827902257442,14.0
auto_scan-2026-07-29_14-54-27,y0149.00cm,331.4561855670102,12,2,3.687540811370127e-05,0.0,0.01068275049328804,13.0
auto_scan-2026-07-29_14-54-27,y0149.50cm,331.4561855670102,12,2,3.7034351407783106e-05,0.0,0.010896354913711548,13.0
auto_scan-2026-07-29_14-54-27,y0150.00cm,331.4561855670102,12,2,3.782908243010752e-05,0.0,0.010815827175974846,13.0
auto_scan-2026-07-29_14-54-27,y0150.50cm,331.4561855670102,12,2,3.496805948088877e-05,0.0,0.01100522093474865,14.0
auto_scan-2026-07-29_14-54-27,y0151.00cm,331.4561855670102,12,2,3.4332275390625e-05,0.0,0.010786408558487892,13.0
auto_scan-2026-07-29_14-54-27,y0151.50cm,331.4561855670102,12,2,3.910064697265625e-05,0.0,0.011162947863340378,14.0
auto_scan-2026-07-29_14-54-27,y0152.00cm,331.4561855670102,12,2,3.3537548006279394e-05,0.0,0.010852518491446972,14.0
auto_scan-2026-07-29_15-07-43,y0150.00cm,250.0,12,2,3.8305919588310644e-05,0.0,0.010793760418891907,13.0
auto_scan-2026-07-29_15-07-43,y0150.50cm,250.0,12,2,3.846486288239248e-05,0.0,0.01060809101909399,13.0
auto_scan-2026-07-29_15-07-43,y0151.00cm,250.0,12,2,3.5444896639091894e-05,0.0,0.010327188298106194,12.0
auto_scan-2026-07-29_15-07-43,y0151.50cm,250.0,12,2,3.814697265625e-05,0.0,0.01072729006409645,14.0
auto_scan-2026-07-29_15-07-43,y0154.50cm,250.0,12,2,3.3219654142158106e-05,0.0,0.01026544813066721,13.0
auto_scan-2026-07-29_15-07-43,y0155.00cm,250.0,12,2,3.782908243010752e-05,0.0,0.010365587659180164,12.0
auto_scan-2026-07-29_15-07-43,y0155.50cm,250.0,12,2,3.5444896639091894e-05,0.0,0.00983850471675396,12.0
auto_scan-2026-07-29_15-07-43,y0156.00cm,250.0,12,2,3.306071084807627e-05,0.0,0.009910948574543,13.0
auto_scan-2026-07-29_15-07-43,y0156.50cm,250.0,12,2,3.306071084807627e-05,0.0,0.009910947643220425,12.0
auto_scan-2026-07-29_15-20-31,y0156.50cm,250.0,12,2,3.5127002774970606e-05,0.0,0.010555529966950417,13.0
auto_scan-2026-07-29_15-20-31,y0157.00cm,250.0,12,2,3.7352245271904394e-05,0.0,0.010660403408110142,13.0
auto_scan-2026-07-29_15-20-31,y0157.50cm,250.0,12,2,3.401438516448252e-05,0.0,0.010304081253707409,12.0
auto_scan-2026-07-29_15-20-31,y0158.00cm,250.0,12,2,3.4491222322685644e-05,0.0,0.009934970177710056,12.0
auto_scan-2026-07-29_15-20-31,y0158.50cm,250.0,12,2,3.465016561676748e-05,0.0,0.010006703436374664,12.0
auto_scan-2026-07-29_15-20-31,y0159.00cm,250.0,12,2,3.5444896639091894e-05,0.0,0.009982844814658165,12.0
auto_scan-2026-07-29_15-20-31,y0159.50cm,250.0,12,2,3.2583873689873144e-05,0.0,0.009509922005236149,11.0
auto_scan-2026-07-29_15-47-48,y0160.00cm,26313.043478260865,17,2,0.00011142095172544941,0.0,0.017012594267725945,14.0
auto_scan-2026-07-29_15-47-48,y0160.50cm,3289.130434782608,14,2,0.00028673806809820235,0.0,0.01900111697614193,13.0
auto_scan-2026-07-29_15-56-42,y0170.00cm,5403.5714285714275,12,2,0.00017070770263671875,0.0,0.015521998517215252,12.0
auto_scan-2026-07-29_15-56-42,y0182.00cm,505.91606258840153,12,2,3.4491222322685644e-05,0.0,0.009425974451005459,11.0
auto_scan-2026-07-29_16-25-57,y0180.00cm,8000.0,14,2,0.0035305023193359375,0.0,0.060056041926145554,13.0
auto_scan-2026-07-29_16-25-57,y0180.50cm,500.0,8,2,0.02914651297032833,0.0,0.22788874804973602,13.0
auto_scan-2026-07-29_16-25-57,y0181.00cm,500.0,8,2,0.04630057141184807,0.0,0.3362411558628082,13.0
auto_scan-2026-07-29_16-25-57,y0181.50cm,500.0,10,2,5.563100057770498e-05,0.0,0.011609588749706745,13.0
auto_scan-2026-07-29_16-25-57,y0182.00cm,500.0,13,2,4.323323446442373e-05,0.0,0.011304457671940327,14.0
auto_scan-2026-07-29_16-25-57,y0182.50cm,500.0,13,2,4.100799560546875e-05,0.0,0.010845163837075233,13.0
auto_scan-2026-07-29_16-25-57,y0183.00cm,500.0,12,2,3.7988025724189356e-05,0.0,0.010749492794275284,13.0
auto_scan-2026-07-29_16-25-57,y0183.50cm,500.0,12,2,3.751118856598623e-05,0.0,0.01093276310712099,13.0
auto_scan-2026-07-29_16-25-57,y0184.00cm,500.0,12,2,3.7034351407783106e-05,0.0,0.01077902689576149,13.0
auto_scan-2026-07-29_16-25-57,y0184.50cm,500.0,12,2,3.592173379729502e-05,0.0,0.010961804538965225,13.0
auto_scan-2026-07-29_16-25-57,y0185.00cm,500.0,12,2,3.687540811370127e-05,0.0,0.01081582810729742,13.0
auto_scan-2026-07-29_16-25-57,y0185.50cm,500.0,12,2,3.814697265625e-05,0.0,0.011034060269594193,14.0
auto_scan-2026-07-29_16-25-57,y0186.00cm,500.0,13,2,0.00014734268188476562,0.0,0.015101741999387741,13.0
auto_scan-2026-07-29_16-25-57,y0186.50cm,500.0,10,2,0.03465604782104492,0.0,0.2592650353908539,13.0
auto_scan-2026-07-29_16-25-57,y0187.00cm,500.0,10,2,0.02087688446044922,0.0,0.1662110686302185,13.0
auto_scan-2026-07-29_16-25-57,y0187.50cm,500.0,10,2,0.013631979934871197,0.0,0.12130610644817352,13.0
auto_scan-2026-07-29_16-25-57,y0188.00cm,500.0,10,2,0.0117556257173419,0.0,0.10813194513320923,13.0
auto_scan-2026-07-29_16-25-57,y0188.50cm,500.0,10,2,0.014028549194335938,0.0,0.11947327852249146,13.0
auto_scan-2026-07-29_16-25-57,y0189.00cm,500.0,10,2,0.019670644775032997,0.0,0.15313076972961426,13.0
auto_scan-2026-07-29_16-25-57,y0189.50cm,500.0,10,2,0.031496841460466385,0.0,0.2181837111711502,13.0
auto_scan-2026-07-29_16-25-57,y0190.00cm,500.0,13,2,8.217493450501934e-05,0.0,0.01260080561041832,13.0
auto_scan-2026-07-29_16-25-57,y0190.50cm,429.8295454545454,12,2,3.910064697265625e-05,0.0,0.01039620116353035,12.0
auto_scan-2026-07-29_16-25-57,y0191.00cm,429.8295454545454,13,2,3.846486288239248e-05,0.0,0.010350238531827927,12.0
auto_scan-2026-07-29_16-25-57,y0191.50cm,429.8295454545454,13,2,3.7034351407783106e-05,0.0,0.010419118218123913,13.0
auto_scan-2026-07-29_16-25-57,y0192.00cm,353.44135993082995,10,2,3.7670135498046875e-05,0.0,0.010077917948365211,12.0
auto_scan-2026-07-29_17-14-37,y0189.00cm,8000.0,12,2,0.11773490905761719,0.0,0.3992452025413513,11.0
auto_scan-2026-07-29_17-14-37,y0189.50cm,500.0,10,2,3.4173328458564356e-05,0.0,0.009757398627698421,12.0
auto_scan-2026-07-29_17-14-37,y0190.00cm,500.0,10,2,4.0531158447265625e-05,0.0,0.009854627773165703,11.0
auto_scan-2026-07-29_17-14-37,y0190.50cm,402.39361702127655,10,2,3.210703653167002e-05,0.0,0.009601407684385777,12.0
auto_scan-2026-07-29_17-14-37,y0191.00cm,402.39361702127655,10,2,3.62396240234375e-05,0.0,0.009501542896032333,11.0
auto_scan-2026-07-29_17-14-37,y0191.50cm,402.39361702127655,10,2,3.369649130036123e-05,0.0,0.00940064899623394,11.0
auto_scan-2026-07-29_17-14-37,y0192.00cm,402.39361702127655,10,2,3.560383993317373e-05,0.0,0.009634444490075111,11.0
auto_scan-2026-07-29_17-14-37,y0192.50cm,402.39361702127655,10,2,3.4173328458564356e-05,0.0,0.00980614684522152,12.0
auto_scan-2026-07-29_17-14-37,y0193.00cm,345.9213309961314,10,2,3.6398570955498144e-05,0.0,0.0097573883831501,11.0
auto_scan-2026-07-29_17-14-37,y0193.50cm,345.9213309961314,10,2,4.2120616853935644e-05,0.0,0.01014078501611948,12.0
auto_scan-2026-07-29_17-14-37,y0194.00cm,345.9213309961314,10,2,3.592173379729502e-05,0.0,0.009700210765004158,11.0
auto_scan-2026-07-29_17-14-37,y0194.50cm,345.9213309961314,10,2,3.7352245271904394e-05,0.0,0.009934954345226288,12.0
auto_scan-2026-07-29_17-14-37,y0195.00cm,345.9213309961314,10,2,3.7034351407783106e-05,0.0,0.009918944910168648,12.0
auto_scan-2026-07-29_17-14-37,y0195.50cm,278.3930711686951,10,2,3.7034351407783106e-05,0.0,0.010249937884509563,12.0
auto_scan-2026-07-29_17-14-37,y0196.00cm,278.3930711686951,10,2,3.846486288239248e-05,0.0,0.009958923794329166,12.0
auto_scan-2026-07-29_17-14-37,y0196.50cm,278.3930711686951,10,2,3.5444896639091894e-05,0.0,0.010296359658241272,13.0
auto_scan-2026-07-29_17-14-37,y0197.00cm,278.3930711686951,10,2,3.4173328458564356e-05,0.0,0.010062146000564098,12.0
auto_scan-2026-07-29_17-14-37,y0197.50cm,278.3930711686951,10,2,3.7352245271904394e-05,0.0,0.010342556983232498,12.0
auto_scan-2026-07-29_17-14-37,y0198.00cm,278.3930711686951,10,2,4.00543212890625e-05,0.0,0.010350232012569904,13.0
auto_scan-2026-07-29_17-14-37,y0198.50cm,278.3930711686951,10,2,3.814697265625e-05,0.0,0.010426740162074566,13.0
auto_scan-2026-07-29_17-14-37,y0199.00cm,278.3930711686951,10,2,4.037221151520498e-05,0.0,0.01035023108124733,12.0
auto_scan-2026-07-29_17-14-37,y0199.50cm,278.3930711686951,10,2,3.465016561676748e-05,0.0,0.010334884747862816,13.0
auto_scan-2026-07-29_17-14-37,y0200.00cm,278.3930711686951,10,2,3.528594970703125e-05,0.0,0.010396216996014118,13.0
auto_scan-2026-07-29_17-14-37,y0200.50cm,278.3930711686951,10,2,3.7352245271904394e-05,0.0,0.010600597597658634,13.0
auto_scan-2026-07-29_17-14-37,y0201.00cm,278.3930711686951,10,2,3.465016561676748e-05,0.0,0.01036559697240591,13.0
auto_scan-2026-07-30_10-28-52,y0080.00cm,242079.99999999997,21,2,0.013161499984562397,0.0,0.13198484480381012,89.0
auto_scan-2026-07-30_10-28-52,y0080.50cm,7564.999999999999,12,2,0.8233127593994141,0.0,1.5134403705596924,14.0
auto_scan-2026-07-30_10-28-52,y0081.00cm,1891.2499999999998,12,2,0.14096038043498993,0.0,0.35157328844070435,11.0
auto_scan-2026-07-30_10-28-52,y0081.50cm,1891.2499999999998,12,2,0.12502336502075195,0.0,0.3342088758945465,11.0
auto_scan-2026-07-30_10-28-52,y0082.00cm,1891.2499999999998,12,2,0.11072301864624023,0.0,0.31603100895881653,11.0
auto_scan-2026-07-30_10-28-52,y0082.50cm,1891.2499999999998,12,2,0.24210388958454132,0.0,0.448019415140152,10.0
auto_scan-2026-07-30_10-28-52,y0083.00cm,1891.2499999999998,12,2,0.08157094568014145,0.0,0.27525559067726135,11.0
auto_scan-2026-07-30_10-28-52,y0083.50cm,1891.2499999999998,12,2,0.24618594348430634,0.0,0.4576247036457062,9.0
auto_scan-2026-07-30_10-28-52,y0084.00cm,1891.2499999999998,12,2,0.056955814361572266,0.0,0.23354794085025787,10.0
auto_scan-2026-07-30_10-28-52,y0084.50cm,1589.7006944444443,12,2,0.21589691936969757,0.0,0.415108859539032,10.0
auto_scan-2026-07-30_10-57-31,y0070.00cm,4089.189189189189,12,2,0.1966298371553421,0.0,0.5664864182472229,16.0
auto_scan-2026-07-30_10-57-31,y0070.50cm,4089.189189189189,12,2,0.506872832775116,0.0,0.869437575340271,13.0
auto_scan-2026-07-30_10-57-31,y0071.00cm,4089.189189189189,12,2,0.08517249673604965,0.0,0.3886713683605194,13.0
auto_scan-2026-07-30_10-57-31,y0071.50cm,4089.189189189189,12,2,0.5033349990844727,0.0,0.8742428421974182,13.0
auto_scan-2026-07-30_10-57-31,y0072.00cm,4089.189189189189,12,2,0.49671903252601624,0.0,0.8683856725692749,12.0
auto_scan-2026-07-30_10-57-31,y0072.50cm,4089.189189189189,12,2,0.14701811969280243,0.0,0.4998515546321869,13.0
auto_scan-2026-07-30_10-57-31,y0073.00cm,3555.714507611059,12,2,0.41621875762939453,0.0,0.7482324838638306,12.0
auto_scan-2026-07-30_10-57-31,y0073.50cm,3555.714507611059,12,2,0.527065098285675,0.0,0.826009213924408,12.0
auto_scan-2026-07-30_10-57-31,y0074.00cm,3555.714507611059,12,2,0.5303627848625183,0.0,0.8292899131774902,12.0
auto_scan-2026-07-30_10-57-31,y0074.50cm,3555.714507611059,12,2,0.5306913256645203,0.0,0.8313128352165222,12.0
auto_scan-2026-07-30_10-57-31,y0075.00cm,3056.7023011451884,12,2,0.450874000787735,0.0,0.7257248163223267,12.0
auto_scan-2026-07-30_10-57-31,y0075.50cm,3056.7023011451884,12,2,0.339113712310791,0.0,0.6432742476463318,12.0
auto_scan-2026-07-30_10-57-31,y0076.00cm,3056.7023011451884,12,2,0.32999706268310547,0.0,0.6318588256835938,12.0
auto_scan-2026-07-30_10-57-31,y0076.50cm,3056.7023011451884,12,2,0.4610590934753418,0.0,0.735678493976593,11.0
auto_scan-2026-07-30_10-57-31,y0077.00cm,2245.0439716663445,12,2,0.23360411822795868,0.0,0.46329465508461,11.0
auto_scan-2026-07-30_10-57-31,y0077.50cm,2245.0439716663445,12,2,0.3332565724849701,0.0,0.5376439690589905,12.0
auto_scan-2026-07-30_10-57-31,y0078.00cm,2245.0439716663445,12,2,0.33606162667274475,0.0,0.5420718789100647,12.0
auto_scan-2026-07-30_10-57-31,y0078.50cm,2245.0439716663445,12,2,0.33319664001464844,0.0,0.5399155020713806,11.0
auto_scan-2026-07-30_10-57-31,y0079.00cm,2245.0439716663445,12,2,0.33863720297813416,0.0,0.5465787649154663,12.0
auto_scan-2026-07-30_10-57-31,y0079.50cm,2245.0439716663445,12,2,0.33899417519569397,0.0,0.5483931303024292,12.0
auto_scan-2026-07-30_10-57-31,y0080.00cm,2245.0439716663445,12,2,0.33840689063072205,0.0,0.5481454730033875,12.0
auto_scan-2026-07-30_10-57-31,y0080.50cm,2245.0439716663445,12,2,0.3402574956417084,0.0,0.5488600730895996,12.0
auto_scan-2026-07-30_10-57-31,y0081.00cm,2245.0439716663445,12,2,0.23516130447387695,0.0,0.4735744893550873,12.0
auto_scan-2026-07-30_10-57-31,y0081.50cm,1908.2873759163926,12,2,0.2994847297668457,0.0,0.4876457750797272,12.0
auto_scan-2026-07-30_10-57-31,y0082.00cm,1908.2873759163926,12,2,0.20420964062213898,0.0,0.4192107915878296,12.0
auto_scan-2026-07-30_11-19-30,y0060.00cm,5043.333333333333,10,2,1.4788216352462769,2.0,1.235418438911438,15.0
auto_scan-2026-07-30_11-19-30,y0060.50cm,5043.333333333333,10,2,1.4869054555892944,2.0,1.2371129989624023,15.0
auto_scan-2026-07-30_11-19-30,y0061.00cm,5043.333333333333,10,2,1.4809622764587402,2.0,1.2398794889450073,17.0
auto_scan-2026-07-30_11-19-30,y0061.50cm,5043.333333333333,10,2,1.4864163398742676,2.0,1.2475826740264893,14.0
auto_scan-2026-07-30_11-19-30,y0062.00cm,5043.333333333333,10,2,1.401980996131897,2.0,1.2671623229980469,14.0
auto_scan-2026-07-30_11-19-30,y0062.50cm,5043.333333333333,10,2,1.3883081674575806,2.0,1.2667561769485474,14.0
auto_scan-2026-07-30_11-19-30,y0063.00cm,5043.333333333333,10,2,1.4825607538223267,2.0,1.2636891603469849,16.0
auto_scan-2026-07-30_11-19-30,y0063.50cm,5043.333333333333,10,2,1.3852119445800781,2.0,1.2811837196350098,14.0
auto_scan-2026-07-30_11-19-30,y0064.00cm,5043.333333333333,10,2,1.388084053993225,2.0,1.2908499240875244,15.0
auto_scan-2026-07-30_11-19-30,y0064.50cm,5043.333333333333,10,2,1.493468165397644,2.0,1.2935725450515747,15.0
auto_scan-2026-07-30_11-19-30,y0065.00cm,5043.333333333333,10,2,1.4922055006027222,2.0,1.3068071603775024,16.0
auto_scan-2026-07-30_11-19-30,y0065.50cm,5043.333333333333,12,2,0.7545744776725769,0.0,1.1571552753448486,15.0
auto_scan-2026-07-30_11-19-30,y0066.00cm,5043.333333333333,12,2,1.2835556268692017,1.0,1.3277784585952759,16.0
auto_scan-2026-07-30_11-19-30,y0066.50cm,4192.617216117215,12,2,0.5893194079399109,0.0,0.9580218195915222,14.0
auto_scan-2026-07-30_11-19-30,y0067.00cm,4192.617216117215,12,2,1.0094045400619507,1.0,1.1147154569625854,16.0
auto_scan-2026-07-30_11-19-30,y0067.50cm,4192.617216117215,12,2,0.9652361869812012,0.0,1.1081293821334839,15.0
auto_scan-2026-07-30_11-19-30,y0068.00cm,4192.617216117215,12,2,0.5129842758178711,0.0,0.9181188941001892,15.0
auto_scan-2026-07-30_11-19-30,y0068.50cm,4192.617216117215,12,2,0.48255491256713867,0.0,0.892221212387085,14.0
auto_scan-2026-07-30_11-19-30,y0069.00cm,4192.617216117215,12,2,0.8282923698425293,0.0,1.0633381605148315,16.0
auto_scan-2026-07-30_11-33-11,y0069.00cm,4322.857142857142,12,2,0.8275216221809387,0.0,1.0546869039535522,16.0
auto_scan-2026-07-30_11-33-11,y0069.50cm,4322.857142857142,12,2,0.7782034873962402,0.0,1.0335819721221924,16.0
auto_scan-2026-07-30_11-33-11,y0070.00cm,4322.857142857142,12,2,0.3987922668457031,0.0,0.8198281526565552,14.0
auto_scan-2026-07-30_11-33-11,y0070.50cm,4322.857142857142,12,2,0.7016024589538574,0.0,1.009175181388855,15.0
auto_scan-2026-07-30_11-33-11,y0071.00cm,4322.857142857142,12,2,0.13461749255657196,0.0,0.46983909606933594,13.0
auto_scan-2026-07-30_11-33-11,y0071.50cm,4322.857142857142,12,2,0.3549079895019531,0.0,0.7450607419013977,13.0
auto_scan-2026-07-30_11-33-11,y0072.00cm,3593.6718995290416,12,2,0.49358034133911133,0.0,0.7969160079956055,15.0
