y_cm,rate,run,frame,kept_y_cm,kept_run,kept_frame
5.0,0.045296128446739706,auto_scan-2026-08-06_18-38-37,aug6_telescope_001-tableyp000050.000mm-gantryxp000060.000mm-yp000130.000mm-zm000112.100mm-shot0000.npy,5.0,auto_scan-2026-08-06_20-51-45,aug6_telescope_001-tableyp000050.000mm-gantryxp000060.000mm-yp000130.000mm-zm000102.100mm-shot0000.npy
6.0,0.04491148484029901,auto_scan-2026-08-06_18-38-37,aug6_telescope_001-tableyp000060.000mm-gantryxp000060.000mm-yp000120.000mm-zm000112.100mm-shot0000.npy,6.0,auto_scan-2026-08-06_20-51-45,aug6_telescope_001-tableyp000060.000mm-gantryxp000060.000mm-yp000120.000mm-zm000102.100mm-shot0000.npy
7.0,0.04025801695164619,auto_scan-2026-08-06_18-38-37,aug6_telescope_001-tableyp000070.000mm-gantryxp000060.000mm-yp000110.000mm-zm000112.100mm-shot0000.npy,7.0,auto_scan-2026-08-06_20-51-45,aug6_telescope_001-tableyp000070.000mm-gantryxp000060.000mm-yp000110.000mm-zm000102.100mm-shot0000.npy
8.0,0.05095412369259961,auto_scan-2026-08-06_18-38-37,aug6_telescope_001-tableyp000080.000mm-gantryxp000065.000mm-yp000100.000mm-zm000112.100mm-shot0000.npy,8.0,auto_scan-2026-08-06_20-51-45,aug6_telescope_001-tableyp000080.000mm-gantryxp000060.000mm-yp000100.000mm-zm000102.100mm-shot0000.npy
9.0,0.05278963410682936,auto_scan-2026-08-06_18-38-37,aug6_telescope_001-tableyp000090.000mm-gantryxp000065.000mm-yp000090.000mm-zm000112.100mm-shot0000.npy,9.0,auto_scan-2026-08-06_20-51-45,aug6_telescope_001-tableyp000090.000mm-gantryxp000060.000mm-yp000090.000mm-zm000102.100mm-shot0000.npy
10.0,0.05304110640815925,auto_scan-2026-08-06_18-38-37,aug6_telescope_001-tableyp000100.000mm-gantryxp000065.000mm-yp000080.000mm-zm000112.100mm-shot0000.npy,10.0,auto_scan-2026-08-06_20-51-45,aug6_telescope_001-tableyp000100.000mm-gantryxp000060.000mm-yp000080.000mm-zm000102.100mm-shot0000.npy
11.0,0.05844656976635247,auto_scan-2026-08-06_18-38-37,aug6_telescope_001-tableyp000110.000mm-gantryxp000065.000mm-yp000070.000mm-zm000112.100mm-shot0000.npy,11.0,auto_scan-2026-08-06_20-51-45,aug6_telescope_001-tableyp000110.000mm-gantryxp000060.000mm-yp000070.000mm-zm000102.100mm-shot0000.npy
12.0,0.06075736555039671,auto_scan-2026-08-06_18-38-37,aug6_telescope_001-tableyp000120.000mm-gantryxp000065.000mm-yp000060.000mm-zm000112.100mm-shot0000.npy,12.0,auto_scan-2026-08-06_20-51-45,aug6_telescope_001-tableyp000120.000mm-gantryxp000060.000mm-yp000060.000mm-zm000102.100mm-shot0000.npy
13.0,0.060566779573124827,auto_scan-2026-08-06_18-38-37,aug6_telescope_001-tableyp000130.000mm-gantryxp000065.000mm-yp000050.000mm-zm000112.100mm-shot0000.npy,13.0,auto_scan-2026-08-06_20-51-45,aug6_telescope_001-tableyp000130.000mm-gantryxp000060.000mm-yp000050.000mm-zm000102.100mm-shot0000.npy
14.0,0.06288796535809273,auto_scan-2026-08-06_18-38-37,aug6_telescope_001-tableyp000140.000mm-gantryxp000065.000mm-yp000040.000mm-zm000112.100mm-shot0000.npy,14.0,auto_scan-2026-08-06_20-51-45,aug6_telescope_001-tableyp000140.000mm-gantryxp000060.000mm-yp000040.000mm-zm000102.100mm-shot0000.npy
15.0,0.06403781198828844,auto_scan-2026-08-06_18-38-37,aug6_telescope_001-tableyp000150.000mm-gantryxp000065.000mm-yp000030.000mm-zm000112.100mm-shot0000.npy,15.0,auto_scan-2026-08-06_20-51-45,aug6_telescope_001-tableyp000150.000mm-gantryxp000060.000mm-yp000030.000mm-zm000102.100mm-shot0000.npy
16.0,0.06620521521603115,auto_scan-2026-08-06_18-38-37,aug6_telescope_001-tableyp000160.000mm-gantryxp000065.000mm-yp000020.000mm-zm000112.100mm-shot0000.npy,16.0,auto_scan-2026-08-06_20-51-45,aug6_telescope_001-tableyp000160.000mm-gantryxp000060.000mm-yp000020.000mm-zm000102.100mm-shot0000.npy
17.0,0.06825240893692816,auto_scan-2026-08-06_18-38-37,aug6_telescope_001-tableyp000170.000mm-gantryxp000065.000mm-yp000010.000mm-zm000112.100mm-shot0000.npy,17.0,auto_scan-2026-08-06_20-51-45,aug6_telescope_001-tableyp000170.000mm-gantryxp000060.000mm-yp000010.000mm-zm000102.100mm-shot0000.npy
56.0,0.2623213628130714,auto_scan-2026-08-06_21-55-58,aug6_telescope_006-tableyp000560.000mm-gantryxp000080.000mm-yp000120.000mm-zm000097.100mm-shot0000.npy,56.0,auto_scan-2026-08-06_21-06-22,aug6_telescope_005-tableyp000560.000mm-gantryxp000055.000mm-yp000020.000mm-zm000097.100mm-shot0000.npy
56.0,0.2595260348234063,auto_scan-2026-08-06_21-06-22,aug6_telescope_005-tableyp000560.000mm-gantryxp000050.000mm-yp000020.000mm-zm000097.100mm-shot0000.npy,56.0,auto_scan-2026-08-06_21-06-22,aug6_telescope_005-tableyp000560.000mm-gantryxp000055.000mm-yp000020.000mm-zm000097.100mm-shot0000.npy
65.0,0.29498499742612644,auto_scan-2026-08-06_21-55-58,aug6_telescope_006-tableyp000650.000mm-gantryxp000075.000mm-yp000030.000mm-zm000097.100mm-shot0000.npy,65.0,auto_scan-2026-08-06_21-22-50,aug6_telescope_007-tableyp000650.000mm-gantryxp000055.000mm-yp000130.000mm-zm000093.100mm-shot0000.npy
65.0,0.2917009045255183,auto_scan-2026-08-06_21-55-58,aug6_telescope_006-tableyp000650.000mm-gantryxp000080.000mm-yp000030.000mm-zm000097.100mm-shot0000.npy,65.0,auto_scan-2026-08-06_21-22-50,aug6_telescope_007-tableyp000650.000mm-gantryxp000055.000mm-yp000130.000mm-zm000093.100mm-shot0000.npy
66.0,0.30780747744804166,auto_scan-2026-08-06_21-55-58,aug6_telescope_006-tableyp000660.000mm-gantryxp000075.000mm-yp000020.000mm-zm000097.100mm-shot0000.npy,66.0,auto_scan-2026-08-06_21-22-50,aug6_telescope_007-tableyp000660.000mm-gantryxp000055.000mm-yp000120.000mm-zm000093.100mm-shot0000.npy
72.0,0.22715510356058058,auto_scan-2026-08-06_21-22-50,aug6_telescope_007-tableyp000720.000mm-gantryxp000055.000mm-yp000060.000mm-zm000093.100mm-shot0000.npy,72.0,auto_scan-2026-08-06_21-22-50,aug6_telescope_007-tableyp000720.000mm-gantryxp000050.000mm-yp000060.000mm-zm000093.100mm-shot0000.npy
73.0,0.2323056001105497,auto_scan-2026-08-06_21-22-50,aug6_telescope_007-tableyp000730.000mm-gantryxp000050.000mm-yp000050.000mm-zm000093.100mm-shot0000.npy,73.0,auto_scan-2026-08-06_21-22-50,aug6_telescope_007-tableyp000730.000mm-gantryxp000055.000mm-yp000050.000mm-zm000093.100mm-shot0000.npy
