36,auto_scan-2026-07-22_19-26-20,y0018.00cm,jul22-001,beam
3,auto_scan-2026-07-22_19-26-20,y0018.00cm,jul22-001-background,background
18,auto_scan-2026-07-22_19-52-49,y0007.00cm,jul22-001,beam
24,auto_scan-2026-07-22_19-52-49,y0007.00cm,jul22-001,dark
18,auto_scan-2026-07-22_19-52-49,y0008.00cm,jul22-001,beam
24,auto_scan-2026-07-22_19-52-49,y0008.00cm,jul22-001,dark
18,auto_scan-2026-07-22_19-52-49,y0009.00cm,jul22-001,beam
24,auto_scan-2026-07-22_19-52-49,y0009.00cm,jul22-001,dark
17,auto_scan-2026-07-22_19-52-49,y0010.00cm,jul22-001,beam
25,auto_scan-2026-07-22_19-52-49,y0010.00cm,jul22-001,dark
16,auto_scan-2026-07-22_19-52-49,y0011.00cm,jul22-001,beam
20,auto_scan-2026-07-22_19-52-49,y0011.00cm,jul22-001,dark
16,auto_scan-2026-07-22_19-52-49,y0012.00cm,jul22-001,beam
20,auto_scan-2026-07-22_19-52-49,y0012.00cm,jul22-001,dark
16,auto_scan-2026-07-22_19-52-49,y0013.00cm,jul22-001,beam
20,auto_scan-2026-07-22_19-52-49,y0013.00cm,jul22-001,dark
15,auto_scan-2026-07-22_19-52-49,y0014.00cm,jul22-001,beam
21,auto_scan-2026-07-22_19-52-49,y0014.00cm,jul22-001,dark
15,auto_scan-2026-07-22_19-52-49,y0015.00cm,jul22-001,beam
21,auto_scan-2026-07-22_19-52-49,y0015.00cm,jul22-001,dark
14,auto_scan-2026-07-22_19-52-49,y0016.00cm,jul22-001,beam
22,auto_scan-2026-07-22_19-52-49,y0016.00cm,jul22-001,dark
14,auto_scan-2026-07-22_19-52-49,y0017.00cm,jul22-001,beam
22,auto_scan-2026-07-22_19-52-49,y0017.00cm,jul22-001,dark
3,auto_scan-2026-07-22_19-52-49,y0017.00cm,jul22-001-background,background
14,auto_scan-2026-07-22_19-52-49,y0018.00cm,jul22-001,beam
22,auto_scan-2026-07-22_19-52-49,y0018.00cm,jul22-001,dark
3,auto_scan-2026-07-22_19-52-49,y0018.00cm,jul22-001-background,background
12,auto_scan-2026-07-23_09-48-16,y0025.00cm,jul23-002,beam
30,auto_scan-2026-07-23_09-48-16,y0025.00cm,jul23-002,dark
3,auto_scan-2026-07-23_09-48-16,y0025.00cm,jul23-002-background,background
23,auto_scan-2026-07-23_09-48-16,y0026.00cm,jul23-002,beam
25,auto_scan-2026-07-23_09-48-16,y0026.00cm,jul23-002,dark
15,auto_scan-2026-07-23_09-48-16,y0027.00cm,jul23-002,beam
21,auto_scan-2026-07-23_09-48-16,y0027.00cm,jul23-002,dark
15,auto_scan-2026-07-23_09-48-16,y0028.00cm,jul23-002,beam
21,auto_scan-2026-07-23_09-48-16,y0028.00cm,jul23-002,dark
15,auto_scan-2026-07-23_09-48-16,y0029.00cm,jul23-002,beam
21,auto_scan-2026-07-23_09-48-16,y0029.00cm,jul23-002,dark
15,auto_scan-2026-07-23_09-48-16,y0030.00cm,jul23-002,beam
21,auto_scan-2026-07-23_09-48-16,y0030.00cm,jul23-002,dark
15,auto_scan-2026-07-23_09-48-16,y0031.00cm,jul23-002,beam
21,auto_scan-2026-07-23_09-48-16,y0031.00cm,jul23-002,dark
15,auto_scan-2026-07-23_09-48-16,y0032.00cm,jul23-002,beam
21,auto_scan-2026-07-23_09-48-16,y0032.00cm,jul23-002,dark
15,auto_scan-2026-07-23_09-48-16,y0033.00cm,jul23-002,beam
21,auto_scan-2026-07-23_09-48-16,y0033.00cm,jul23-002,dark
15,auto_scan-2026-07-23_09-48-16,y0034.00cm,jul23-002,beam
21,auto_scan-2026-07-23_09-48-16,y0034.00cm,jul23-002,dark
14,auto_scan-2026-07-23_09-48-16,y0035.00cm,jul23-002,beam
22,auto_scan-2026-07-23_09-48-16,y0035.00cm,jul23-002,dark
14,auto_scan-2026-07-23_09-48-16,y0036.00cm,jul23-002,beam
22,auto_scan-2026-07-23_09-48-16,y0036.00cm,jul23-002,dark
3,auto_scan-2026-07-23_09-48-16,y0036.00cm,jul23-002-background,background
14,auto_scan-2026-07-23_09-48-16,y0037.00cm,jul23-002,beam
22,auto_scan-2026-07-23_09-48-16,y0037.00cm,jul23-002,dark
3,auto_scan-2026-07-23_09-48-16,y0037.00cm,jul23-002-background,background
12,auto_scan-2026-07-23_10-16-43,y0046.00cm,jul23-003,beam
18,auto_scan-2026-07-23_10-16-43,y0046.00cm,jul23-003,dark
12,auto_scan-2026-07-23_10-16-43,y0047.00cm,jul23-003,beam
18,auto_scan-2026-07-23_10-16-43,y0047.00cm,jul23-003,dark
12,auto_scan-2026-07-23_10-16-43,y0048.00cm,jul23-003,beam
18,auto_scan-2026-07-23_10-16-43,y0048.00cm,jul23-003,dark
12,auto_scan-2026-07-23_10-16-43,y0049.00cm,jul23-003,beam
18,auto_scan-2026-07-23_10-16-43,y0049.00cm,jul23-003,dark
12,auto_scan-2026-07-23_10-16-43,y0050.00cm,jul23-003,beam
18,auto_scan-2026-07-23_10-16-43,y0050.00cm,jul23-003,dark
12,auto_scan-2026-07-23_10-16-43,y0051.00cm,jul23-003,beam
18,auto_scan-2026-07-23_10-16-43,y0051.00cm,jul23-003,dark
12,auto_scan-2026-07-23_10-16-43,y0052.00cm,jul23-003,beam
18,auto_scan-2026-07-23_10-16-43,y0052.00cm,jul23-003,dark
12,auto_scan-2026-07-23_10-16-43,y0053.00cm,jul23-003,beam
18,auto_scan-2026-07-23_10-16-43,y0053.00cm,jul23-003,dark
3,auto_scan-2026-07-23_10-16-43,y0053.00cm,jul23-003-background,background
12,auto_scan-2026-07-23_10-16-43,y0054.00cm,jul23-003,beam
18,auto_scan-2026-07-23_10-16-43,y0054.00cm,jul23-003,dark
3,auto_scan-2026-07-23_10-16-43,y0054.00cm,jul23-003-background,background
13,auto_scan-2026-07-23_10-42-35,y0042.00cm,jul23-003,beam
23,auto_scan-2026-07-23_10-42-35,y0042.00cm,jul23-003,dark
13,auto_scan-2026-07-23_10-42-35,y0043.00cm,jul23-003,beam
23,auto_scan-2026-07-23_10-42-35,y0043.00cm,jul23-003,dark
12,auto_scan-2026-07-23_10-42-35,y0044.00cm,jul23-003,beam
24,auto_scan-2026-07-23_10-42-35,y0044.00cm,jul23-003,dark
11,auto_scan-2026-07-23_10-42-35,y0045.00cm,jul23-003,beam
19,auto_scan-2026-07-23_10-42-35,y0045.00cm,jul23-003,dark
11,auto_scan-2026-07-23_10-42-35,y0046.00cm,jul23-003,beam
19,auto_scan-2026-07-23_10-42-35,y0046.00cm,jul23-003,dark
11,auto_scan-2026-07-23_10-42-35,y0047.00cm,jul23-003,beam
19,auto_scan-2026-07-23_10-42-35,y0047.00cm,jul23-003,dark
11,auto_scan-2026-07-23_10-42-35,y0048.00cm,jul23-003,beam
19,auto_scan-2026-07-23_10-42-35,y0048.00cm,jul23-003,dark
11,auto_scan-2026-07-23_10-42-35,y0049.00cm,jul23-003,beam
19,auto_scan-2026-07-23_10-42-35,y0049.00cm,jul23-003,dark
10,auto_scan-2026-07-23_10-42-35,y0050.00cm,jul23-003,beam
20,auto_scan-2026-07-23_10-42-35,y0050.00cm,jul23-003,dark
9,auto_scan-2026-07-23_10-42-35,y0051.00cm,jul23-003,beam
16,auto_scan-2026-07-23_10-42-35,y0051.00cm,jul23-003,dark
9,auto_scan-2026-07-23_10-42-35,y0052.00cm,jul23-003,beam
16,auto_scan-2026-07-23_10-42-35,y0052.00cm,jul23-003,dark
3,auto_scan-2026-07-23_10-42-35,y0052.00cm,jul23-003-background,background
9,auto_scan-2026-07-23_10-42-35,y0053.00cm,jul23-003,beam
16,auto_scan-2026-07-23_10-42-35,y0053.00cm,jul23-003,dark
3,auto_scan-2026-07-23_10-42-35,y0053.00cm,jul23-003-background,background
11,auto_scan-2026-07-23_10-42-35,y0054.00cm,jul23-003,beam
19,auto_scan-2026-07-23_10-42-35,y0054.00cm,jul23-003,dark
3,auto_scan-2026-07-23_10-42-35,y0054.00cm,jul23-003-background,background
11,auto_scan-2026-07-23_13-32-02,y0059.50cm,jul23-004,beam
19,auto_scan-2026-07-23_13-32-02,y0059.50cm,jul23-004,dark
11,auto_scan-2026-07-23_13-32-02,y0060.50cm,jul23-004,beam
19,auto_scan-2026-07-23_13-32-02,y0060.50cm,jul23-004,dark
12,auto_scan-2026-07-23_13-32-02,y0061.50cm,jul23-004,beam
18,auto_scan-2026-07-23_13-32-02,y0061.50cm,jul23-004,dark
12,auto_scan-2026-07-23_13-32-02,y0062.50cm,jul23-004,beam
18,auto_scan-2026-07-23_13-32-02,y0062.50cm,jul23-004,dark
12,auto_scan-2026-07-23_13-32-02,y0063.50cm,jul23-004,beam
18,auto_scan-2026-07-23_13-32-02,y0063.50cm,jul23-004,dark
12,auto_scan-2026-07-23_13-32-02,y0064.50cm,jul23-004,beam
18,auto_scan-2026-07-23_13-32-02,y0064.50cm,jul23-004,dark
12,auto_scan-2026-07-23_13-32-02,y0065.50cm,jul23-004,beam
18,auto_scan-2026-07-23_13-32-02,y0065.50cm,jul23-004,dark
12,auto_scan-2026-07-23_13-32-02,y0066.50cm,jul23-004,beam
18,auto_scan-2026-07-23_13-32-02,y0066.50cm,jul23-004,dark
12,auto_scan-2026-07-23_13-32-02,y0067.50cm,jul23-004,beam
18,auto_scan-2026-07-23_13-32-02,y0067.50cm,jul23-004,dark
12,auto_scan-2026-07-23_13-32-02,y0068.50cm,jul23-004,beam
18,auto_scan-2026-07-23_13-32-02,y0068.50cm,jul23-004,dark
12,auto_scan-2026-07-23_13-32-02,y0069.50cm,jul23-004,beam
18,auto_scan-2026-07-23_13-32-02,y0069.50cm,jul23-004,dark
12,auto_scan-2026-07-23_13-32-02,y0070.50cm,jul23-004,beam
18,auto_scan-2026-07-23_13-32-02,y0070.50cm,jul23-004,dark
3,auto_scan-2026-07-23_13-32-02,y0070.50cm,jul23-004-background,background
12,auto_scan-2026-07-23_13-32-02,y0071.50cm,jul23-004,beam
18,auto_scan-2026-07-23_13-32-02,y0071.50cm,jul23-004,dark
3,auto_scan-2026-07-23_13-32-02,y0071.50cm,jul23-004-background,background
9,auto_scan-2026-07-23_14-44-37,y0089.50cm,jul23-005-y10,beam
16,auto_scan-2026-07-23_14-44-37,y0089.50cm,jul23-005-y10,dark
3,auto_scan-2026-07-23_14-44-37,y0089.50cm,jul23-005-y10-background,background
8,auto_scan-2026-07-23_15-04-24,y0077.50cm,jul23-005,beam
17,auto_scan-2026-07-23_15-04-24,y0077.50cm,jul23-005,dark
8,auto_scan-2026-07-23_15-04-24,y0078.50cm,jul23-005,beam
17,auto_scan-2026-07-23_15-04-24,y0078.50cm,jul23-005,dark
8,auto_scan-2026-07-23_15-04-24,y0079.50cm,jul23-005,beam
17,auto_scan-2026-07-23_15-04-24,y0079.50cm,jul23-005,dark
8,auto_scan-2026-07-23_15-04-24,y0080.50cm,jul23-005,beam
17,auto_scan-2026-07-23_15-04-24,y0080.50cm,jul23-005,dark
8,auto_scan-2026-07-23_15-04-24,y0081.50cm,jul23-005,beam
17,auto_scan-2026-07-23_15-04-24,y0081.50cm,jul23-005,dark
8,auto_scan-2026-07-23_15-04-24,y0082.50cm,jul23-005,beam
17,auto_scan-2026-07-23_15-04-24,y0082.50cm,jul23-005,dark
8,auto_scan-2026-07-23_15-04-24,y0083.50cm,jul23-005,beam
17,auto_scan-2026-07-23_15-04-24,y0083.50cm,jul23-005,dark
8,auto_scan-2026-07-23_15-04-24,y0084.50cm,jul23-005,beam
17,auto_scan-2026-07-23_15-04-24,y0084.50cm,jul23-005,dark
8,auto_scan-2026-07-23_15-04-24,y0085.50cm,jul23-005,beam
17,auto_scan-2026-07-23_15-04-24,y0085.50cm,jul23-005,dark
8,auto_scan-2026-07-23_15-04-24,y0086.50cm,jul23-005,beam
17,auto_scan-2026-07-23_15-04-24,y0086.50cm,jul23-005,dark
8,auto_scan-2026-07-23_15-04-24,y0087.50cm,jul23-005,beam
17,auto_scan-2026-07-23_15-04-24,y0087.50cm,jul23-005,dark
8,auto_scan-2026-07-23_15-04-24,y0088.50cm,jul23-005,beam
17,auto_scan-2026-07-23_15-04-24,y0088.50cm,jul23-005,dark
3,auto_scan-2026-07-23_15-04-24,y0088.50cm,jul23-005-background,background
9,auto_scan-2026-07-23_15-04-24,y0089.50cm,jul23-005,beam
16,auto_scan-2026-07-23_15-04-24,y0089.50cm,jul23-005,dark
3,auto_scan-2026-07-23_15-04-24,y0089.50cm,jul23-005-background,background
6,auto_scan-2026-07-23_17-11-46,y0095.50cm,ejul23-006,beam
14,auto_scan-2026-07-23_17-11-46,y0095.50cm,ejul23-006,dark
6,auto_scan-2026-07-23_17-11-46,y0096.50cm,ejul23-006,beam
14,auto_scan-2026-07-23_17-11-46,y0096.50cm,ejul23-006,dark
6,auto_scan-2026-07-23_17-11-46,y0097.50cm,ejul23-006,beam
14,auto_scan-2026-07-23_17-11-46,y0097.50cm,ejul23-006,dark
3,auto_scan-2026-07-23_17-11-46,y0097.50cm,ejul23-006-background,background
6,auto_scan-2026-07-23_17-11-46,y0098.50cm,ejul23-006,beam
14,auto_scan-2026-07-23_17-11-46,y0098.50cm,ejul23-006,dark
6,auto_scan-2026-07-23_17-11-46,y0099.50cm,ejul23-006,beam
14,auto_scan-2026-07-23_17-11-46,y0099.50cm,ejul23-006,dark
3,auto_scan-2026-07-23_17-11-46,y0099.50cm,ejul23-006-background,background
6,auto_scan-2026-07-23_17-11-46,y0100.50cm,ejul23-006,beam
14,auto_scan-2026-07-23_17-11-46,y0100.50cm,ejul23-006,dark
5,auto_scan-2026-07-23_17-11-46,y0101.50cm,ejul23-006,beam
15,auto_scan-2026-07-23_17-11-46,y0101.50cm,ejul23-006,dark
5,auto_scan-2026-07-23_17-11-46,y0102.50cm,ejul23-006,beam
15,auto_scan-2026-07-23_17-11-46,y0102.50cm,ejul23-006,dark
6,auto_scan-2026-07-23_17-11-46,y0103.50cm,ejul23-006,beam
14,auto_scan-2026-07-23_17-11-46,y0103.50cm,ejul23-006,dark
3,auto_scan-2026-07-23_17-11-46,y0103.50cm,ejul23-006-background,background
1,auto_scan-2026-07-23_17-11-46,y0104.50cm,ejul23-006,beam
1,auto_scan-2026-07-23_17-11-46,y0105.50cm,ejul23-006,beam
1,auto_scan-2026-07-23_17-11-46,y0106.50cm,ejul23-006,beam
3,auto_scan-2026-07-23_17-11-46,y0106.50cm,ejul23-006-background,background
8,auto_scan-2026-07-23_17-11-46,y0107.50cm,ejul23-006,beam
17,auto_scan-2026-07-23_17-11-46,y0107.50cm,ejul23-006,dark
3,auto_scan-2026-07-23_17-11-46,y0107.50cm,ejul23-006-background,background
1,auto_scan-2026-07-23_17-33-34,y0112.50cm,jul23-007,beam
1,auto_scan-2026-07-23_17-33-34,y0113.50cm,jul23-007,beam
3,auto_scan-2026-07-23_17-33-34,y0113.50cm,jul23-007-background,background
1,auto_scan-2026-07-23_17-33-34,y0114.50cm,jul23-007,beam
1,auto_scan-2026-07-23_17-33-34,y0115.50cm,jul23-007,beam
1,auto_scan-2026-07-23_17-33-34,y0116.50cm,jul23-007,beam
1,auto_scan-2026-07-23_17-33-34,y0117.50cm,jul23-007,beam
1,auto_scan-2026-07-23_17-33-34,y0118.50cm,jul23-007,beam
1,auto_scan-2026-07-23_17-33-34,y0119.50cm,jul23-007,beam
1,auto_scan-2026-07-23_17-33-34,y0120.50cm,jul23-007,beam
3,auto_scan-2026-07-23_17-33-34,y0120.50cm,jul23-007-background,background
1,auto_scan-2026-07-23_17-33-34,y0121.50cm,jul23-007,beam
1,auto_scan-2026-07-23_17-33-34,y0122.50cm,jul23-007,beam
1,auto_scan-2026-07-23_17-33-34,y0123.50cm,jul23-007,beam
3,auto_scan-2026-07-23_17-33-34,y0123.50cm,jul23-007-background,background
4,auto_scan-2026-07-23_17-33-34,y0124.50cm,jul23-007,beam
12,auto_scan-2026-07-23_17-33-34,y0124.50cm,jul23-007,dark
3,auto_scan-2026-07-23_17-33-34,y0124.50cm,jul23-007-background,background
1,auto_scan-2026-07-23_17-42-56,y0138.50cm,jul23-008,beam
1,auto_scan-2026-07-23_17-42-56,y0139.50cm,jul23-008,beam
2,auto_scan-2026-07-23_17-42-56,y0140.50cm,jul23-008,beam
7,auto_scan-2026-07-23_17-42-56,y0140.50cm,jul23-008,dark
3,auto_scan-2026-07-23_17-42-56,y0140.50cm,jul23-008-background,background
10,auto_scan-2026-07-23_17-42-56,y0141.50cm,jul23-008,beam
39,auto_scan-2026-07-23_17-42-56,y0141.50cm,jul23-008,dark
25,auto_scan-2026-07-23_17-42-56,y0142.50cm,jul23-008,dark
3,auto_scan-2026-07-23_17-42-56,y0142.50cm,jul23-008-background,background
2,auto_scan-2026-07-23_18-36-22,y0130.50cm,jul23-008,beam
10,auto_scan-2026-07-23_18-36-22,y0130.50cm,jul23-008,dark
2,auto_scan-2026-07-23_18-36-22,y0131.50cm,jul23-008,beam
10,auto_scan-2026-07-23_18-36-22,y0131.50cm,jul23-008,dark
2,auto_scan-2026-07-23_18-36-22,y0132.50cm,jul23-008,beam
10,auto_scan-2026-07-23_18-36-22,y0132.50cm,jul23-008,dark
2,auto_scan-2026-07-23_18-36-22,y0133.50cm,jul23-008,beam
10,auto_scan-2026-07-23_18-36-22,y0133.50cm,jul23-008,dark
1,auto_scan-2026-07-23_18-36-22,y0134.50cm,jul23-008,beam
1,auto_scan-2026-07-23_18-36-22,y0135.50cm,jul23-008,beam
3,auto_scan-2026-07-23_18-36-22,y0135.50cm,jul23-008-background,background
1,auto_scan-2026-07-23_18-36-22,y0136.50cm,jul23-008,beam
1,auto_scan-2026-07-23_18-36-22,y0137.50cm,jul23-008,beam
1,auto_scan-2026-07-23_18-36-22,y0138.50cm,jul23-008,beam
1,auto_scan-2026-07-23_18-36-22,y0139.50cm,jul23-008,beam
1,auto_scan-2026-07-23_18-36-22,y0140.50cm,jul23-008,beam
1,auto_scan-2026-07-23_18-36-22,y0141.50cm,jul23-008,beam
3,auto_scan-2026-07-23_18-36-22,y0141.50cm,jul23-008-background,background
4,auto_scan-2026-07-23_18-36-22,y0142.50cm,jul23-008,beam
12,auto_scan-2026-07-23_18-36-22,y0142.50cm,jul23-008,dark
3,auto_scan-2026-07-23_18-36-22,y0142.50cm,jul23-008-background,background
1,auto_scan-2026-07-23_18-47-16,y0144.00cm,jul23-009,beam
1,auto_scan-2026-07-23_18-47-16,y0145.00cm,jul23-009,beam
1,auto_scan-2026-07-23_18-47-16,y0146.00cm,jul23-009,beam
1,auto_scan-2026-07-23_18-47-16,y0147.00cm,jul23-009,beam
1,auto_scan-2026-07-23_18-47-16,y0148.00cm,jul23-009,beam
3,auto_scan-2026-07-23_18-47-16,y0148.00cm,jul23-009-background,background
1,auto_scan-2026-07-23_18-47-16,y0149.00cm,jul23-009,beam
4,auto_scan-2026-07-23_18-47-16,y0150.00cm,jul23-009,beam
12,auto_scan-2026-07-23_18-47-16,y0150.00cm,jul23-009,dark
3,auto_scan-2026-07-23_18-47-16,y0150.00cm,jul23-009-background,background
2,auto_scan-2026-07-23_18-52-11,y0138.00cm,jul23-009,beam
10,auto_scan-2026-07-23_18-52-11,y0138.00cm,jul23-009,dark
2,auto_scan-2026-07-23_18-52-11,y0139.00cm,jul23-009,beam
10,auto_scan-2026-07-23_18-52-11,y0139.00cm,jul23-009,dark
2,auto_scan-2026-07-23_18-52-11,y0140.00cm,jul23-009,beam
10,auto_scan-2026-07-23_18-52-11,y0140.00cm,jul23-009,dark
1,auto_scan-2026-07-23_18-52-11,y0141.00cm,jul23-009,beam
1,auto_scan-2026-07-23_18-52-11,y0142.00cm,jul23-009,beam
2,auto_scan-2026-07-23_18-52-11,y0143.00cm,jul23-009,beam
10,auto_scan-2026-07-23_18-52-11,y0143.00cm,jul23-009,dark
3,auto_scan-2026-07-23_18-52-11,y0144.00cm,jul23-009,beam
13,auto_scan-2026-07-23_18-52-11,y0144.00cm,jul23-009,dark
3,auto_scan-2026-07-23_18-52-11,y0145.00cm,jul23-009,beam
13,auto_scan-2026-07-23_18-52-11,y0145.00cm,jul23-009,dark
4,auto_scan-2026-07-23_18-52-11,y0146.00cm,jul23-009,beam
12,auto_scan-2026-07-23_18-52-11,y0146.00cm,jul23-009,dark
1,auto_scan-2026-07-23_18-52-11,y0147.00cm,jul23-009,beam
4,auto_scan-2026-07-23_18-52-11,y0148.00cm,jul23-009,beam
12,auto_scan-2026-07-23_18-52-11,y0148.00cm,jul23-009,dark
4,auto_scan-2026-07-23_18-52-11,y0149.00cm,jul23-009,beam
12,auto_scan-2026-07-23_18-52-11,y0149.00cm,jul23-009,dark
3,auto_scan-2026-07-23_18-52-11,y0149.00cm,jul23-009-background,background
4,auto_scan-2026-07-23_18-52-11,y0150.00cm,jul23-009,beam
12,auto_scan-2026-07-23_18-52-11,y0150.00cm,jul23-009,dark
3,auto_scan-2026-07-23_18-52-11,y0150.00cm,jul23-009-background,background
1,auto_scan-2026-07-23_19-07-33,y0147.80cm,jul23-010,beam
1,auto_scan-2026-07-23_19-07-33,y0148.00cm,jul23-010,beam
1,auto_scan-2026-07-23_19-07-33,y0148.20cm,jul23-010,beam
1,auto_scan-2026-07-23_19-07-33,y0148.40cm,jul23-010,beam
1,auto_scan-2026-07-23_19-07-33,y0148.60cm,jul23-010,beam
1,auto_scan-2026-07-23_19-07-33,y0148.80cm,jul23-010,beam
1,auto_scan-2026-07-23_19-07-33,y0149.00cm,jul23-010,beam
1,auto_scan-2026-07-23_19-07-33,y0149.20cm,jul23-010,beam
1,auto_scan-2026-07-23_19-07-33,y0149.40cm,jul23-010,beam
1,auto_scan-2026-07-23_19-07-33,y0149.60cm,jul23-010,beam
1,auto_scan-2026-07-23_19-07-33,y0149.80cm,jul23-010,beam
1,auto_scan-2026-07-23_19-07-33,y0150.00cm,jul23-010,beam
1,auto_scan-2026-07-23_19-07-33,y0150.20cm,jul23-010,beam
1,auto_scan-2026-07-23_19-07-33,y0150.40cm,jul23-010,beam
1,auto_scan-2026-07-23_19-07-33,y0150.60cm,jul23-010,beam
1,auto_scan-2026-07-23_19-07-33,y0150.80cm,jul23-010,beam
1,auto_scan-2026-07-23_19-07-33,y0151.00cm,jul23-010,beam
1,auto_scan-2026-07-23_19-07-33,y0151.20cm,jul23-010,beam
1,auto_scan-2026-07-23_19-07-33,y0151.40cm,jul23-010,beam
1,auto_scan-2026-07-23_19-07-33,y0151.60cm,jul23-010,beam
1,auto_scan-2026-07-23_19-07-33,y0151.80cm,jul23-010,beam
3,auto_scan-2026-07-23_19-07-33,y0151.80cm,jul23-010-background,background
1,auto_scan-2026-07-23_19-07-33,y0152.00cm,jul23-010,beam
1,auto_scan-2026-07-23_19-07-33,y0152.20cm,jul23-010,beam
1,auto_scan-2026-07-23_19-07-33,y0152.40cm,jul23-010,beam
1,auto_scan-2026-07-23_19-07-33,y0152.60cm,jul23-010,beam
1,auto_scan-2026-07-23_19-07-33,y0152.80cm,jul23-010,beam
1,auto_scan-2026-07-23_19-07-33,y0153.00cm,jul23-010,beam
1,auto_scan-2026-07-23_19-07-33,y0153.20cm,jul23-010,beam
1,auto_scan-2026-07-23_19-07-33,y0153.40cm,jul23-010,beam
1,auto_scan-2026-07-23_19-07-33,y0153.60cm,jul23-010,beam
1,auto_scan-2026-07-23_19-07-33,y0153.80cm,jul23-010,beam
1,auto_scan-2026-07-23_19-07-33,y0154.00cm,jul23-010,beam
1,auto_scan-2026-07-23_19-07-33,y0154.20cm,jul23-010,beam
1,auto_scan-2026-07-23_19-07-33,y0154.40cm,jul23-010,beam
1,auto_scan-2026-07-23_19-07-33,y0154.60cm,jul23-010,beam
1,auto_scan-2026-07-23_19-07-33,y0154.80cm,jul23-010,beam
1,auto_scan-2026-07-23_19-07-33,y0155.00cm,jul23-010,beam
1,auto_scan-2026-07-23_19-07-33,y0155.20cm,jul23-010,beam
1,auto_scan-2026-07-23_19-07-33,y0155.40cm,jul23-010,beam
1,auto_scan-2026-07-23_19-07-33,y0155.60cm,jul23-010,beam
1,auto_scan-2026-07-23_19-07-33,y0155.80cm,jul23-010,beam
1,auto_scan-2026-07-23_19-07-33,y0156.00cm,jul23-010,beam
1,auto_scan-2026-07-23_19-07-33,y0156.20cm,jul23-010,beam
1,auto_scan-2026-07-23_19-07-33,y0156.40cm,jul23-010,beam
1,auto_scan-2026-07-23_19-07-33,y0156.60cm,jul23-010,beam
1,auto_scan-2026-07-23_19-07-33,y0156.80cm,jul23-010,beam
1,auto_scan-2026-07-23_19-07-33,y0157.00cm,jul23-010,beam
1,auto_scan-2026-07-23_19-07-33,y0157.20cm,jul23-010,beam
1,auto_scan-2026-07-23_19-07-33,y0157.40cm,jul23-010,beam
1,auto_scan-2026-07-23_19-07-33,y0157.60cm,jul23-010,beam
1,auto_scan-2026-07-23_19-07-33,y0157.80cm,jul23-010,beam
1,auto_scan-2026-07-23_19-07-33,y0158.00cm,jul23-010,beam
1,auto_scan-2026-07-23_19-07-33,y0158.20cm,jul23-010,beam
1,auto_scan-2026-07-23_19-07-33,y0158.40cm,jul23-010,beam
1,auto_scan-2026-07-23_19-07-33,y0158.60cm,jul23-010,beam
1,auto_scan-2026-07-23_19-07-33,y0158.80cm,jul23-010,beam
1,auto_scan-2026-07-23_19-07-33,y0159.00cm,jul23-010,beam
1,auto_scan-2026-07-23_19-07-33,y0159.20cm,jul23-010,beam
1,auto_scan-2026-07-23_19-07-33,y0159.40cm,jul23-010,beam
1,auto_scan-2026-07-23_19-07-33,y0159.60cm,jul23-010,beam
1,auto_scan-2026-07-23_19-07-33,y0159.80cm,jul23-010,beam
3,auto_scan-2026-07-23_19-07-33,y0159.80cm,jul23-010-background,background
4,auto_scan-2026-07-23_19-07-33,y0160.00cm,jul23-010,beam
12,auto_scan-2026-07-23_19-07-33,y0160.00cm,jul23-010,dark
3,auto_scan-2026-07-23_19-07-33,y0160.00cm,jul23-010-background,background
4,auto_scan-2026-07-23_19-17-02,y0155.50cm,jul23-011,beam
12,auto_scan-2026-07-23_19-17-02,y0155.50cm,jul23-011,dark
4,auto_scan-2026-07-23_19-17-02,y0157.50cm,jul23-011,beam
12,auto_scan-2026-07-23_19-17-02,y0157.50cm,jul23-011,dark
4,auto_scan-2026-07-23_19-17-02,y0159.50cm,jul23-011,beam
12,auto_scan-2026-07-23_19-17-02,y0159.50cm,jul23-011,dark
4,auto_scan-2026-07-23_19-17-02,y0161.50cm,jul23-011,beam
12,auto_scan-2026-07-23_19-17-02,y0161.50cm,jul23-011,dark
3,auto_scan-2026-07-23_19-17-02,y0161.50cm,jul23-011-background,background
4,auto_scan-2026-07-23_19-17-02,y0163.50cm,jul23-011,beam
12,auto_scan-2026-07-23_19-17-02,y0163.50cm,jul23-011,dark
4,auto_scan-2026-07-23_19-17-02,y0165.50cm,jul23-011,beam
12,auto_scan-2026-07-23_19-17-02,y0165.50cm,jul23-011,dark
4,auto_scan-2026-07-23_19-17-02,y0167.50cm,jul23-011,beam
12,auto_scan-2026-07-23_19-17-02,y0167.50cm,jul23-011,dark
3,auto_scan-2026-07-23_19-17-02,y0167.50cm,jul23-011-background,background
3,auto_scan-2026-07-23_19-26-13,y0169.00cm,jul23-012-background,background
2,auto_scan-2026-07-23_19-26-13,y0171.00cm,jul23-012,beam
10,auto_scan-2026-07-23_19-26-13,y0171.00cm,jul23-012,dark
2,auto_scan-2026-07-23_19-26-13,y0173.00cm,jul23-012,beam
10,auto_scan-2026-07-23_19-26-13,y0173.00cm,jul23-012,dark
3,auto_scan-2026-07-23_19-26-13,y0173.00cm,jul23-012-background,background
4,auto_scan-2026-07-23_19-26-13,y0175.00cm,jul23-012,beam
12,auto_scan-2026-07-23_19-26-13,y0175.00cm,jul23-012,dark
3,auto_scan-2026-07-23_19-26-13,y0175.00cm,jul23-012-background,background
4,auto_scan-2026-07-23_19-26-13,y0177.00cm,jul23-012,beam
12,auto_scan-2026-07-23_19-26-13,y0177.00cm,jul23-012,dark
3,auto_scan-2026-07-23_19-26-13,y0177.00cm,jul23-012-background,background
25,auto_scan-2026-07-29_12-37-22,y0090.00cm,jul29_axicon3_001,dark
3,auto_scan-2026-07-29_12-37-22,y0090.00cm,jul29_axicon3_001-background,background
4,auto_scan-2026-07-29_12-37-22,y0090.50cm,jul29_axicon3_001,beam
12,auto_scan-2026-07-29_12-37-22,y0090.50cm,jul29_axicon3_001,dark
3,auto_scan-2026-07-29_12-37-22,y0090.50cm,jul29_axicon3_001-background,background
4,auto_scan-2026-07-29_12-37-22,y0091.00cm,jul29_axicon3_001,beam
12,auto_scan-2026-07-29_12-37-22,y0091.00cm,jul29_axicon3_001,dark
4,auto_scan-2026-07-29_12-37-22,y0091.50cm,jul29_axicon3_001,beam
12,auto_scan-2026-07-29_12-37-22,y0091.50cm,jul29_axicon3_001,dark
4,auto_scan-2026-07-29_12-37-22,y0092.00cm,jul29_axicon3_001,beam
12,auto_scan-2026-07-29_12-37-22,y0092.00cm,jul29_axicon3_001,dark
4,auto_scan-2026-07-29_12-37-22,y0092.50cm,jul29_axicon3_001,beam
12,auto_scan-2026-07-29_12-37-22,y0092.50cm,jul29_axicon3_001,dark
4,auto_scan-2026-07-29_12-37-22,y0093.00cm,jul29_axicon3_001,beam
12,auto_scan-2026-07-29_12-37-22,y0093.00cm,jul29_axicon3_001,dark
3,auto_scan-2026-07-29_12-37-22,y0093.00cm,jul29_axicon3_001-background,background
4,auto_scan-2026-07-29_12-37-22,y0093.50cm,jul29_axicon3_001,beam
12,auto_scan-2026-07-29_12-37-22,y0093.50cm,jul29_axicon3_001,dark
4,auto_scan-2026-07-29_12-37-22,y0094.00cm,jul29_axicon3_001,beam
12,auto_scan-2026-07-29_12-37-22,y0094.00cm,jul29_axicon3_001,dark
4,auto_scan-2026-07-29_12-37-22,y0094.50cm,jul29_axicon3_001,beam
12,auto_scan-2026-07-29_12-37-22,y0094.50cm,jul29_axicon3_001,dark
4,auto_scan-2026-07-29_12-37-22,y0095.00cm,jul29_axicon3_001,beam
12,auto_scan-2026-07-29_12-37-22,y0095.00cm,jul29_axicon3_001,dark
4,auto_scan-2026-07-29_12-37-22,y0095.50cm,jul29_axicon3_001,beam
12,auto_scan-2026-07-29_12-37-22,y0095.50cm,jul29_axicon3_001,dark
4,auto_scan-2026-07-29_12-37-22,y0096.00cm,jul29_axicon3_001,beam
12,auto_scan-2026-07-29_12-37-22,y0096.00cm,jul29_axicon3_001,dark
4,auto_scan-2026-07-29_12-37-22,y0096.50cm,jul29_axicon3_001,beam
12,auto_scan-2026-07-29_12-37-22,y0096.50cm,jul29_axicon3_001,dark
3,auto_scan-2026-07-29_12-37-22,y0096.50cm,jul29_axicon3_001-background,background
4,auto_scan-2026-07-29_12-37-22,y0097.00cm,jul29_axicon3_001,beam
12,auto_scan-2026-07-29_12-37-22,y0097.00cm,jul29_axicon3_001,dark
4,auto_scan-2026-07-29_12-37-22,y0097.50cm,jul29_axicon3_001,beam
12,auto_scan-2026-07-29_12-37-22,y0097.50cm,jul29_axicon3_001,dark
4,auto_scan-2026-07-29_12-37-22,y0098.00cm,jul29_axicon3_001,beam
12,auto_scan-2026-07-29_12-37-22,y0098.00cm,jul29_axicon3_001,dark
4,auto_scan-2026-07-29_12-37-22,y0098.50cm,jul29_axicon3_001,beam
12,auto_scan-2026-07-29_12-37-22,y0098.50cm,jul29_axicon3_001,dark
4,auto_scan-2026-07-29_12-37-22,y0099.00cm,jul29_axicon3_001,beam
12,auto_scan-2026-07-29_12-37-22,y0099.00cm,jul29_axicon3_001,dark
4,auto_scan-2026-07-29_12-37-22,y0099.50cm,jul29_axicon3_001,beam
12,auto_scan-2026-07-29_12-37-22,y0099.50cm,jul29_axicon3_001,dark
4,auto_scan-2026-07-29_12-37-22,y0100.00cm,jul29_axicon3_001,beam
12,auto_scan-2026-07-29_12-37-22,y0100.00cm,jul29_axicon3_001,dark
4,auto_scan-2026-07-29_12-37-22,y0100.50cm,jul29_axicon3_001,beam
12,auto_scan-2026-07-29_12-37-22,y0100.50cm,jul29_axicon3_001,dark
4,auto_scan-2026-07-29_12-37-22,y0101.00cm,jul29_axicon3_001,beam
12,auto_scan-2026-07-29_12-37-22,y0101.00cm,jul29_axicon3_001,dark
4,auto_scan-2026-07-29_12-37-22,y0101.50cm,jul29_axicon3_001,beam
12,auto_scan-2026-07-29_12-37-22,y0101.50cm,jul29_axicon3_001,dark
4,auto_scan-2026-07-29_12-37-22,y0102.00cm,jul29_axicon3_001,beam
12,auto_scan-2026-07-29_12-37-22,y0102.00cm,jul29_axicon3_001,dark
3,auto_scan-2026-07-29_12-37-22,y0102.00cm,jul29_axicon3_001-background,background
4,auto_scan-2026-07-29_13-17-16,y0100.00cm,jul29_axicon3_002,beam
12,auto_scan-2026-07-29_13-17-16,y0100.00cm,jul29_axicon3_002,dark
3,auto_scan-2026-07-29_13-17-16,y0100.00cm,jul29_axicon3_002-background,background
4,auto_scan-2026-07-29_13-17-16,y0100.50cm,jul29_axicon3_002,beam
12,auto_scan-2026-07-29_13-17-16,y0100.50cm,jul29_axicon3_002,dark
4,auto_scan-2026-07-29_13-17-16,y0101.00cm,jul29_axicon3_002,beam
12,auto_scan-2026-07-29_13-17-16,y0101.00cm,jul29_axicon3_002,dark
4,auto_scan-2026-07-29_13-17-16,y0101.50cm,jul29_axicon3_002,beam
12,auto_scan-2026-07-29_13-17-16,y0101.50cm,jul29_axicon3_002,dark
3,auto_scan-2026-07-29_13-17-16,y0101.50cm,jul29_axicon3_002-background,background
4,auto_scan-2026-07-29_13-17-16,y0102.00cm,jul29_axicon3_002,beam
12,auto_scan-2026-07-29_13-17-16,y0102.00cm,jul29_axicon3_002,dark
4,auto_scan-2026-07-29_13-17-16,y0102.50cm,jul29_axicon3_002,beam
12,auto_scan-2026-07-29_13-17-16,y0102.50cm,jul29_axicon3_002,dark
4,auto_scan-2026-07-29_13-17-16,y0103.00cm,jul29_axicon3_002,beam
12,auto_scan-2026-07-29_13-17-16,y0103.00cm,jul29_axicon3_002,dark
4,auto_scan-2026-07-29_13-17-16,y0103.50cm,jul29_axicon3_002,beam
12,auto_scan-2026-07-29_13-17-16,y0103.50cm,jul29_axicon3_002,dark
4,auto_scan-2026-07-29_13-17-16,y0104.00cm,jul29_axicon3_002,beam
12,auto_scan-2026-07-29_13-17-16,y0104.00cm,jul29_axicon3_002,dark
4,auto_scan-2026-07-29_13-17-16,y0104.50cm,jul29_axicon3_002,beam
12,auto_scan-2026-07-29_13-17-16,y0104.50cm,jul29_axicon3_002,dark
4,auto_scan-2026-07-29_13-17-16,y0105.00cm,jul29_axicon3_002,beam
12,auto_scan-2026-07-29_13-17-16,y0105.00cm,jul29_axicon3_002,dark
4,auto_scan-2026-07-29_13-17-16,y0105.50cm,jul29_axicon3_002,beam
12,auto_scan-2026-07-29_13-17-16,y0105.50cm,jul29_axicon3_002,dark
4,auto_scan-2026-07-29_13-17-16,y0106.00cm,jul29_axicon3_002,beam
12,auto_scan-2026-07-29_13-17-16,y0106.00cm,jul29_axicon3_002,dark
4,auto_scan-2026-07-29_13-17-16,y0106.50cm,jul29_axicon3_002,beam
12,auto_scan-2026-07-29_13-17-16,y0106.50cm,jul29_axicon3_002,dark
4,auto_scan-2026-07-29_13-17-16,y0107.00cm,jul29_axicon3_002,beam
12,auto_scan-2026-07-29_13-17-16,y0107.00cm,jul29_axicon3_002,dark
4,auto_scan-2026-07-29_13-17-16,y0107.50cm,jul29_axicon3_002,beam
12,auto_scan-2026-07-29_13-17-16,y0107.50cm,jul29_axicon3_002,dark
4,auto_scan-2026-07-29_13-17-16,y0108.00cm,jul29_axicon3_002,beam
12,auto_scan-2026-07-29_13-17-16,y0108.00cm,jul29_axicon3_002,dark
2,auto_scan-2026-07-29_13-17-16,y0108.50cm,jul29_axicon3_002,beam
10,auto_scan-2026-07-29_13-17-16,y0108.50cm,jul29_axicon3_002,dark
2,auto_scan-2026-07-29_13-17-16,y0109.00cm,jul29_axicon3_002,beam
10,auto_scan-2026-07-29_13-17-16,y0109.00cm,jul29_axicon3_002,dark
2,auto_scan-2026-07-29_13-17-16,y0109.50cm,jul29_axicon3_002,beam
10,auto_scan-2026-07-29_13-17-16,y0109.50cm,jul29_axicon3_002,dark
2,auto_scan-2026-07-29_13-17-16,y0110.00cm,jul29_axicon3_002,beam
10,auto_scan-2026-07-29_13-17-16,y0110.00cm,jul29_axicon3_002,dark
2,auto_scan-2026-07-29_13-17-16,y0110.50cm,jul29_axicon3_002,beam
10,auto_scan-2026-07-29_13-17-16,y0110.50cm,jul29_axicon3_002,dark
2,auto_scan-2026-07-29_13-17-16,y0111.00cm,jul29_axicon3_002,beam
10,auto_scan-2026-07-29_13-17-16,y0111.00cm,jul29_axicon3_002,dark
3,auto_scan-2026-07-29_13-17-16,y0111.00cm,jul29_axicon3_002-background,background
2,auto_scan-2026-07-29_13-17-16,y0111.50cm,jul29_axicon3_002,beam
10,auto_scan-2026-07-29_13-17-16,y0111.50cm,jul29_axicon3_002,dark
2,auto_scan-2026-07-29_13-17-16,y0112.00cm,jul29_axicon3_002,beam
10,auto_scan-2026-07-29_13-17-16,y0112.00cm,jul29_axicon3_002,dark
4,auto_scan-2026-07-29_13-36-52,y0110.00cm,jul29_axicon3_003,beam
12,auto_scan-2026-07-29_13-36-52,y0110.00cm,jul29_axicon3_003,dark
3,auto_scan-2026-07-29_13-36-52,y0110.00cm,jul29_axicon3_003-background,background
4,auto_scan-2026-07-29_13-36-52,y0110.50cm,jul29_axicon3_003,beam
12,auto_scan-2026-07-29_13-36-52,y0110.50cm,jul29_axicon3_003,dark
4,auto_scan-2026-07-29_13-36-52,y0111.00cm,jul29_axicon3_003,beam
12,auto_scan-2026-07-29_13-36-52,y0111.00cm,jul29_axicon3_003,dark
4,auto_scan-2026-07-29_13-36-52,y0111.50cm,jul29_axicon3_003,beam
12,auto_scan-2026-07-29_13-36-52,y0111.50cm,jul29_axicon3_003,dark
4,auto_scan-2026-07-29_13-36-52,y0112.00cm,jul29_axicon3_003,beam
12,auto_scan-2026-07-29_13-36-52,y0112.00cm,jul29_axicon3_003,dark
4,auto_scan-2026-07-29_13-36-52,y0112.50cm,jul29_axicon3_003,beam
12,auto_scan-2026-07-29_13-36-52,y0112.50cm,jul29_axicon3_003,dark
4,auto_scan-2026-07-29_13-36-52,y0113.00cm,jul29_axicon3_003,beam
12,auto_scan-2026-07-29_13-36-52,y0113.00cm,jul29_axicon3_003,dark
4,auto_scan-2026-07-29_13-36-52,y0113.50cm,jul29_axicon3_003,beam
12,auto_scan-2026-07-29_13-36-52,y0113.50cm,jul29_axicon3_003,dark
4,auto_scan-2026-07-29_13-36-52,y0114.00cm,jul29_axicon3_003,beam
12,auto_scan-2026-07-29_13-36-52,y0114.00cm,jul29_axicon3_003,dark
4,auto_scan-2026-07-29_13-36-52,y0114.50cm,jul29_axicon3_003,beam
12,auto_scan-2026-07-29_13-36-52,y0114.50cm,jul29_axicon3_003,dark
4,auto_scan-2026-07-29_13-36-52,y0115.00cm,jul29_axicon3_003,beam
12,auto_scan-2026-07-29_13-36-52,y0115.00cm,jul29_axicon3_003,dark
4,auto_scan-2026-07-29_13-36-52,y0115.50cm,jul29_axicon3_003,beam
12,auto_scan-2026-07-29_13-36-52,y0115.50cm,jul29_axicon3_003,dark
4,auto_scan-2026-07-29_13-36-52,y0116.00cm,jul29_axicon3_003,beam
12,auto_scan-2026-07-29_13-36-52,y0116.00cm,jul29_axicon3_003,dark
3,auto_scan-2026-07-29_13-36-52,y0116.50cm,jul29_axicon3_003,beam
13,auto_scan-2026-07-29_13-36-52,y0116.50cm,jul29_axicon3_003,dark
2,auto_scan-2026-07-29_13-36-52,y0117.00cm,jul29_axicon3_003,beam
10,auto_scan-2026-07-29_13-36-52,y0117.00cm,jul29_axicon3_003,dark
2,auto_scan-2026-07-29_13-36-52,y0117.50cm,jul29_axicon3_003,beam
10,auto_scan-2026-07-29_13-36-52,y0117.50cm,jul29_axicon3_003,dark
2,auto_scan-2026-07-29_13-36-52,y0118.00cm,jul29_axicon3_003,beam
10,auto_scan-2026-07-29_13-36-52,y0118.00cm,jul29_axicon3_003,dark
2,auto_scan-2026-07-29_13-36-52,y0118.50cm,jul29_axicon3_003,beam
10,auto_scan-2026-07-29_13-36-52,y0118.50cm,jul29_axicon3_003,dark
2,auto_scan-2026-07-29_13-36-52,y0119.00cm,jul29_axicon3_003,beam
10,auto_scan-2026-07-29_13-36-52,y0119.00cm,jul29_axicon3_003,dark
2,auto_scan-2026-07-29_13-36-52,y0119.50cm,jul29_axicon3_003,beam
10,auto_scan-2026-07-29_13-36-52,y0119.50cm,jul29_axicon3_003,dark
2,auto_scan-2026-07-29_13-36-52,y0120.00cm,jul29_axicon3_003,beam
10,auto_scan-2026-07-29_13-36-52,y0120.00cm,jul29_axicon3_003,dark
2,auto_scan-2026-07-29_13-36-52,y0120.50cm,jul29_axicon3_003,beam
10,auto_scan-2026-07-29_13-36-52,y0120.50cm,jul29_axicon3_003,dark
10,auto_scan-2026-07-29_13-36-52,y0121.00cm,jul29_axicon3_003,beam
2,auto_scan-2026-07-29_14-01-15,y0120.50cm,jul29_axicon3_003,beam
10,auto_scan-2026-07-29_14-01-15,y0120.50cm,jul29_axicon3_003,dark
3,auto_scan-2026-07-29_14-01-15,y0120.50cm,jul29_axicon3_003-background,background
2,auto_scan-2026-07-29_14-01-15,y0121.00cm,jul29_axicon3_003,beam
10,auto_scan-2026-07-29_14-01-15,y0121.00cm,jul29_axicon3_003,dark
2,auto_scan-2026-07-29_14-01-15,y0121.50cm,jul29_axicon3_003,beam
10,auto_scan-2026-07-29_14-01-15,y0121.50cm,jul29_axicon3_003,dark
2,auto_scan-2026-07-29_14-01-15,y0122.00cm,jul29_axicon3_003,beam
10,auto_scan-2026-07-29_14-01-15,y0122.00cm,jul29_axicon3_003,dark
2,auto_scan-2026-07-29_14-07-31,y0120.00cm,jul29_axicon3_004,beam
10,auto_scan-2026-07-29_14-07-31,y0120.00cm,jul29_axicon3_004,dark
3,auto_scan-2026-07-29_14-07-31,y0120.00cm,jul29_axicon3_004-background,background
2,auto_scan-2026-07-29_14-07-31,y0120.50cm,jul29_axicon3_004,beam
10,auto_scan-2026-07-29_14-07-31,y0120.50cm,jul29_axicon3_004,dark
2,auto_scan-2026-07-29_14-07-31,y0121.00cm,jul29_axicon3_004,beam
10,auto_scan-2026-07-29_14-07-31,y0121.00cm,jul29_axicon3_004,dark
2,auto_scan-2026-07-29_14-07-31,y0121.50cm,jul29_axicon3_004,beam
10,auto_scan-2026-07-29_14-07-31,y0121.50cm,jul29_axicon3_004,dark
2,auto_scan-2026-07-29_14-07-31,y0122.00cm,jul29_axicon3_004,beam
10,auto_scan-2026-07-29_14-07-31,y0122.00cm,jul29_axicon3_004,dark
2,auto_scan-2026-07-29_14-07-31,y0122.50cm,jul29_axicon3_004,beam
10,auto_scan-2026-07-29_14-07-31,y0122.50cm,jul29_axicon3_004,dark
2,auto_scan-2026-07-29_14-07-31,y0123.00cm,jul29_axicon3_004,beam
10,auto_scan-2026-07-29_14-07-31,y0123.00cm,jul29_axicon3_004,dark
2,auto_scan-2026-07-29_14-07-31,y0123.50cm,jul29_axicon3_004,beam
10,auto_scan-2026-07-29_14-07-31,y0123.50cm,jul29_axicon3_004,dark
2,auto_scan-2026-07-29_14-07-31,y0124.00cm,jul29_axicon3_004,beam
10,auto_scan-2026-07-29_14-07-31,y0124.00cm,jul29_axicon3_004,dark
2,auto_scan-2026-07-29_14-07-31,y0124.50cm,jul29_axicon3_004,beam
10,auto_scan-2026-07-29_14-07-31,y0124.50cm,jul29_axicon3_004,dark
2,auto_scan-2026-07-29_14-07-31,y0125.00cm,jul29_axicon3_004,beam
10,auto_scan-2026-07-29_14-07-31,y0125.00cm,jul29_axicon3_004,dark
2,auto_scan-2026-07-29_14-07-31,y0125.50cm,jul29_axicon3_004,beam
10,auto_scan-2026-07-29_14-07-31,y0125.50cm,jul29_axicon3_004,dark
2,auto_scan-2026-07-29_14-07-31,y0126.00cm,jul29_axicon3_004,beam
10,auto_scan-2026-07-29_14-07-31,y0126.00cm,jul29_axicon3_004,dark
2,auto_scan-2026-07-29_14-07-31,y0126.50cm,jul29_axicon3_004,beam
10,auto_scan-2026-07-29_14-07-31,y0126.50cm,jul29_axicon3_004,dark
2,auto_scan-2026-07-29_14-07-31,y0127.00cm,jul29_axicon3_004,beam
10,auto_scan-2026-07-29_14-07-31,y0127.00cm,jul29_axicon3_004,dark
2,auto_scan-2026-07-29_14-07-31,y0127.50cm,jul29_axicon3_004,beam
10,auto_scan-2026-07-29_14-07-31,y0127.50cm,jul29_axicon3_004,dark
2,auto_scan-2026-07-29_14-07-31,y0128.00cm,jul29_axicon3_004,beam
10,auto_scan-2026-07-29_14-07-31,y0128.00cm,jul29_axicon3_004,dark
2,auto_scan-2026-07-29_14-07-31,y0128.50cm,jul29_axicon3_004,beam
10,auto_scan-2026-07-29_14-07-31,y0128.50cm,jul29_axicon3_004,dark
3,auto_scan-2026-07-29_14-07-31,y0128.50cm,jul29_axicon3_004-background,background
2,auto_scan-2026-07-29_14-07-31,y0129.00cm,jul29_axicon3_004,beam
10,auto_scan-2026-07-29_14-07-31,y0129.00cm,jul29_axicon3_004,dark
2,auto_scan-2026-07-29_14-07-31,y0129.50cm,jul29_axicon3_004,beam
10,auto_scan-2026-07-29_14-07-31,y0129.50cm,jul29_axicon3_004,dark
2,auto_scan-2026-07-29_14-07-31,y0130.00cm,jul29_axicon3_004,beam
10,auto_scan-2026-07-29_14-07-31,y0130.00cm,jul29_axicon3_004,dark
2,auto_scan-2026-07-29_14-07-31,y0130.50cm,jul29_axicon3_004,beam
10,auto_scan-2026-07-29_14-07-31,y0130.50cm,jul29_axicon3_004,dark
2,auto_scan-2026-07-29_14-07-31,y0131.00cm,jul29_axicon3_004,beam
10,auto_scan-2026-07-29_14-07-31,y0131.00cm,jul29_axicon3_004,dark
2,auto_scan-2026-07-29_14-07-31,y0131.50cm,jul29_axicon3_004,beam
10,auto_scan-2026-07-29_14-07-31,y0131.50cm,jul29_axicon3_004,dark
2,auto_scan-2026-07-29_14-07-31,y0132.00cm,jul29_axicon3_004,beam
10,auto_scan-2026-07-29_14-07-31,y0132.00cm,jul29_axicon3_004,dark
4,auto_scan-2026-07-29_14-33-49,y0130.00cm,jul29_axicon3_005,beam
12,auto_scan-2026-07-29_14-33-49,y0130.00cm,jul29_axicon3_005,dark
3,auto_scan-2026-07-29_14-33-49,y0130.00cm,jul29_axicon3_005-background,background
4,auto_scan-2026-07-29_14-33-49,y0130.50cm,jul29_axicon3_005,beam
12,auto_scan-2026-07-29_14-33-49,y0130.50cm,jul29_axicon3_005,dark
4,auto_scan-2026-07-29_14-33-49,y0131.00cm,jul29_axicon3_005,beam
12,auto_scan-2026-07-29_14-33-49,y0131.00cm,jul29_axicon3_005,dark
4,auto_scan-2026-07-29_14-33-49,y0131.50cm,jul29_axicon3_005,beam
12,auto_scan-2026-07-29_14-33-49,y0131.50cm,jul29_axicon3_005,dark
4,auto_scan-2026-07-29_14-33-49,y0132.00cm,jul29_axicon3_005,beam
12,auto_scan-2026-07-29_14-33-49,y0132.00cm,jul29_axicon3_005,dark
3,auto_scan-2026-07-29_14-33-49,y0132.00cm,jul29_axicon3_005-background,background
4,auto_scan-2026-07-29_14-33-49,y0132.50cm,jul29_axicon3_005,beam
12,auto_scan-2026-07-29_14-33-49,y0132.50cm,jul29_axicon3_005,dark
4,auto_scan-2026-07-29_14-33-49,y0133.00cm,jul29_axicon3_005,beam
12,auto_scan-2026-07-29_14-33-49,y0133.00cm,jul29_axicon3_005,dark
4,auto_scan-2026-07-29_14-33-49,y0133.50cm,jul29_axicon3_005,beam
12,auto_scan-2026-07-29_14-33-49,y0133.50cm,jul29_axicon3_005,dark
4,auto_scan-2026-07-29_14-33-49,y0134.00cm,jul29_axicon3_005,beam
12,auto_scan-2026-07-29_14-33-49,y0134.00cm,jul29_axicon3_005,dark
4,auto_scan-2026-07-29_14-33-49,y0134.50cm,jul29_axicon3_005,beam
12,auto_scan-2026-07-29_14-33-49,y0134.50cm,jul29_axicon3_005,dark
4,auto_scan-2026-07-29_14-33-49,y0135.00cm,jul29_axicon3_005,beam
12,auto_scan-2026-07-29_14-33-49,y0135.00cm,jul29_axicon3_005,dark
4,auto_scan-2026-07-29_14-33-49,y0135.50cm,jul29_axicon3_005,beam
12,auto_scan-2026-07-29_14-33-49,y0135.50cm,jul29_axicon3_005,dark
4,auto_scan-2026-07-29_14-33-49,y0136.00cm,jul29_axicon3_005,beam
12,auto_scan-2026-07-29_14-33-49,y0136.00cm,jul29_axicon3_005,dark
4,auto_scan-2026-07-29_14-33-49,y0136.50cm,jul29_axicon3_005,beam
12,auto_scan-2026-07-29_14-33-49,y0136.50cm,jul29_axicon3_005,dark
4,auto_scan-2026-07-29_14-33-49,y0137.00cm,jul29_axicon3_005,beam
12,auto_scan-2026-07-29_14-33-49,y0137.00cm,jul29_axicon3_005,dark
4,auto_scan-2026-07-29_14-33-49,y0137.50cm,jul29_axicon3_005,beam
12,auto_scan-2026-07-29_14-33-49,y0137.50cm,jul29_axicon3_005,dark
4,auto_scan-2026-07-29_14-33-49,y0138.00cm,jul29_axicon3_005,beam
12,auto_scan-2026-07-29_14-33-49,y0138.00cm,jul29_axicon3_005,dark
4,auto_scan-2026-07-29_14-33-49,y0138.50cm,jul29_axicon3_005,beam
12,auto_scan-2026-07-29_14-33-49,y0138.50cm,jul29_axicon3_005,dark
4,auto_scan-2026-07-29_14-33-49,y0139.00cm,jul29_axicon3_005,beam
12,auto_scan-2026-07-29_14-33-49,y0139.00cm,jul29_axicon3_005,dark
4,auto_scan-2026-07-29_14-33-49,y0139.50cm,jul29_axicon3_005,beam
12,auto_scan-2026-07-29_14-33-49,y0139.50cm,jul29_axicon3_005,dark
4,auto_scan-2026-07-29_14-33-49,y0140.00cm,jul29_axicon3_005,beam
12,auto_scan-2026-07-29_14-33-49,y0140.00cm,jul29_axicon3_005,dark
4,auto_scan-2026-07-29_14-33-49,y0140.50cm,jul29_axicon3_005,beam
12,auto_scan-2026-07-29_14-33-49,y0140.50cm,jul29_axicon3_005,dark
4,auto_scan-2026-07-29_14-33-49,y0141.00cm,jul29_axicon3_005,beam
12,auto_scan-2026-07-29_14-33-49,y0141.00cm,jul29_axicon3_005,dark
3,auto_scan-2026-07-29_14-33-49,y0141.00cm,jul29_axicon3_005-background,background
4,auto_scan-2026-07-29_14-33-49,y0141.50cm,jul29_axicon3_005,beam
12,auto_scan-2026-07-29_14-33-49,y0141.50cm,jul29_axicon3_005,dark
4,auto_scan-2026-07-29_14-33-49,y0142.00cm,jul29_axicon3_005,beam
12,auto_scan-2026-07-29_14-33-49,y0142.00cm,jul29_axicon3_005,dark
4,auto_scan-2026-07-29_14-54-27,y0140.00cm,jul29_axicon3_006,beam
12,auto_scan-2026-07-29_14-54-27,y0140.00cm,jul29_axicon3_006,dark
3,auto_scan-2026-07-29_14-54-27,y0140.00cm,jul29_axicon3_006-background,background
1,auto_scan-2026-07-29_14-54-27,y0140.50cm,jul29_axicon3_006,beam
1,auto_scan-2026-07-29_14-54-27,y0141.00cm,jul29_axicon3_006,beam
1,auto_scan-2026-07-29_14-54-27,y0141.50cm,jul29_axicon3_006,beam
1,auto_scan-2026-07-29_14-54-27,y0142.00cm,jul29_axicon3_006,beam
1,auto_scan-2026-07-29_14-54-27,y0142.50cm,jul29_axicon3_006,beam
1,auto_scan-2026-07-29_14-54-27,y0143.00cm,jul29_axicon3_006,beam
1,auto_scan-2026-07-29_14-54-27,y0143.50cm,jul29_axicon3_006,beam
1,auto_scan-2026-07-29_14-54-27,y0144.00cm,jul29_axicon3_006,beam
1,auto_scan-2026-07-29_14-54-27,y0144.50cm,jul29_axicon3_006,beam
1,auto_scan-2026-07-29_14-54-27,y0145.00cm,jul29_axicon3_006,beam
1,auto_scan-2026-07-29_14-54-27,y0145.50cm,jul29_axicon3_006,beam
4,auto_scan-2026-07-29_14-54-27,y0146.00cm,jul29_axicon3_006,beam
12,auto_scan-2026-07-29_14-54-27,y0146.00cm,jul29_axicon3_006,dark
4,auto_scan-2026-07-29_14-54-27,y0146.50cm,jul29_axicon3_006,beam
12,auto_scan-2026-07-29_14-54-27,y0146.50cm,jul29_axicon3_006,dark
4,auto_scan-2026-07-29_14-54-27,y0147.00cm,jul29_axicon3_006,beam
12,auto_scan-2026-07-29_14-54-27,y0147.00cm,jul29_axicon3_006,dark
4,auto_scan-2026-07-29_14-54-27,y0147.50cm,jul29_axicon3_006,beam
12,auto_scan-2026-07-29_14-54-27,y0147.50cm,jul29_axicon3_006,dark
4,auto_scan-2026-07-29_14-54-27,y0148.00cm,jul29_axicon3_006,beam
12,auto_scan-2026-07-29_14-54-27,y0148.00cm,jul29_axicon3_006,dark
4,auto_scan-2026-07-29_14-54-27,y0148.50cm,jul29_axicon3_006,beam
12,auto_scan-2026-07-29_14-54-27,y0148.50cm,jul29_axicon3_006,dark
4,auto_scan-2026-07-29_14-54-27,y0149.00cm,jul29_axicon3_006,beam
12,auto_scan-2026-07-29_14-54-27,y0149.00cm,jul29_axicon3_006,dark
3,auto_scan-2026-07-29_14-54-27,y0149.00cm,jul29_axicon3_006-background,background
4,auto_scan-2026-07-29_14-54-27,y0149.50cm,jul29_axicon3_006,beam
12,auto_scan-2026-07-29_14-54-27,y0149.50cm,jul29_axicon3_006,dark
4,auto_scan-2026-07-29_14-54-27,y0150.00cm,jul29_axicon3_006,beam
12,auto_scan-2026-07-29_14-54-27,y0150.00cm,jul29_axicon3_006,dark
4,auto_scan-2026-07-29_14-54-27,y0150.50cm,jul29_axicon3_006,beam
12,auto_scan-2026-07-29_14-54-27,y0150.50cm,jul29_axicon3_006,dark
4,auto_scan-2026-07-29_14-54-27,y0151.00cm,jul29_axicon3_006,beam
12,auto_scan-2026-07-29_14-54-27,y0151.00cm,jul29_axicon3_006,dark
4,auto_scan-2026-07-29_14-54-27,y0151.50cm,jul29_axicon3_006,beam
12,auto_scan-2026-07-29_14-54-27,y0151.50cm,jul29_axicon3_006,dark
4,auto_scan-2026-07-29_14-54-27,y0152.00cm,jul29_axicon3_006,beam
12,auto_scan-2026-07-29_14-54-27,y0152.00cm,jul29_axicon3_006,dark
4,auto_scan-2026-07-29_15-07-43,y0150.00cm,jul29_axicon3_007,beam
12,auto_scan-2026-07-29_15-07-43,y0150.00cm,jul29_axicon3_007,dark
3,auto_scan-2026-07-29_15-07-43,y0150.00cm,jul29_axicon3_007-background,background
4,auto_scan-2026-07-29_15-07-43,y0150.50cm,jul29_axicon3_007,beam
12,auto_scan-2026-07-29_15-07-43,y0150.50cm,jul29_axicon3_007,dark
4,auto_scan-2026-07-29_15-07-43,y0151.00cm,jul29_axicon3_007,beam
12,auto_scan-2026-07-29_15-07-43,y0151.00cm,jul29_axicon3_007,dark
4,auto_scan-2026-07-29_15-07-43,y0151.50cm,jul29_axicon3_007,beam
12,auto_scan-2026-07-29_15-07-43,y0151.50cm,jul29_axicon3_007,dark
1,auto_scan-2026-07-29_15-07-43,y0152.00cm,jul29_axicon3_007,beam
1,auto_scan-2026-07-29_15-07-43,y0152.50cm,jul29_axicon3_007,beam
1,auto_scan-2026-07-29_15-07-43,y0153.00cm,jul29_axicon3_007,beam
1,auto_scan-2026-07-29_15-07-43,y0153.50cm,jul29_axicon3_007,beam
1,auto_scan-2026-07-29_15-07-43,y0154.00cm,jul29_axicon3_007,beam
4,auto_scan-2026-07-29_15-07-43,y0154.50cm,jul29_axicon3_007,beam
12,auto_scan-2026-07-29_15-07-43,y0154.50cm,jul29_axicon3_007,dark
4,auto_scan-2026-07-29_15-07-43,y0155.00cm,jul29_axicon3_007,beam
12,auto_scan-2026-07-29_15-07-43,y0155.00cm,jul29_axicon3_007,dark
4,auto_scan-2026-07-29_15-07-43,y0155.50cm,jul29_axicon3_007,beam
12,auto_scan-2026-07-29_15-07-43,y0155.50cm,jul29_axicon3_007,dark
4,auto_scan-2026-07-29_15-07-43,y0156.00cm,jul29_axicon3_007,beam
12,auto_scan-2026-07-29_15-07-43,y0156.00cm,jul29_axicon3_007,dark
4,auto_scan-2026-07-29_15-07-43,y0156.50cm,jul29_axicon3_007,beam
12,auto_scan-2026-07-29_15-07-43,y0156.50cm,jul29_axicon3_007,dark
6,auto_scan-2026-07-29_15-07-43,y0157.00cm,jul29_axicon3_007,beam
4,auto_scan-2026-07-29_15-20-31,y0156.50cm,jul29_axicon3_007,beam
12,auto_scan-2026-07-29_15-20-31,y0156.50cm,jul29_axicon3_007,dark
3,auto_scan-2026-07-29_15-20-31,y0156.50cm,jul29_axicon3_007-background,background
4,auto_scan-2026-07-29_15-20-31,y0157.00cm,jul29_axicon3_007,beam
12,auto_scan-2026-07-29_15-20-31,y0157.00cm,jul29_axicon3_007,dark
4,auto_scan-2026-07-29_15-20-31,y0157.50cm,jul29_axicon3_007,beam
12,auto_scan-2026-07-29_15-20-31,y0157.50cm,jul29_axicon3_007,dark
4,auto_scan-2026-07-29_15-20-31,y0158.00cm,jul29_axicon3_007,beam
12,auto_scan-2026-07-29_15-20-31,y0158.00cm,jul29_axicon3_007,dark
4,auto_scan-2026-07-29_15-20-31,y0158.50cm,jul29_axicon3_007,beam
12,auto_scan-2026-07-29_15-20-31,y0158.50cm,jul29_axicon3_007,dark
4,auto_scan-2026-07-29_15-20-31,y0159.00cm,jul29_axicon3_007,beam
12,auto_scan-2026-07-29_15-20-31,y0159.00cm,jul29_axicon3_007,dark
4,auto_scan-2026-07-29_15-20-31,y0159.50cm,jul29_axicon3_007,beam
12,auto_scan-2026-07-29_15-20-31,y0159.50cm,jul29_axicon3_007,dark
1,auto_scan-2026-07-29_15-20-31,y0160.00cm,jul29_axicon3_007,beam
1,auto_scan-2026-07-29_15-20-31,y0160.50cm,jul29_axicon3_007,beam
1,auto_scan-2026-07-29_15-20-31,y0161.00cm,jul29_axicon3_007,beam
1,auto_scan-2026-07-29_15-20-31,y0161.50cm,jul29_axicon3_007,beam
1,auto_scan-2026-07-29_15-20-31,y0162.00cm,jul29_axicon3_007,beam
8,auto_scan-2026-07-29_15-47-48,y0160.00cm,jul29_axicon3_008,beam
17,auto_scan-2026-07-29_15-47-48,y0160.00cm,jul29_axicon3_008,dark
3,auto_scan-2026-07-29_15-47-48,y0160.00cm,jul29_axicon3_008-background,background
6,auto_scan-2026-07-29_15-47-48,y0160.50cm,jul29_axicon3_008,beam
14,auto_scan-2026-07-29_15-47-48,y0160.50cm,jul29_axicon3_008,dark
3,auto_scan-2026-07-29_15-47-48,y0160.50cm,jul29_axicon3_008-background,background
1,auto_scan-2026-07-29_15-47-48,y0161.00cm,jul29_axicon3_008,beam
3,auto_scan-2026-07-29_15-47-48,y0161.00cm,jul29_axicon3_008-background,background
1,auto_scan-2026-07-29_15-47-48,y0161.50cm,jul29_axicon3_008,beam
1,auto_scan-2026-07-29_15-47-48,y0162.00cm,jul29_axicon3_008,beam
1,auto_scan-2026-07-29_15-47-48,y0162.50cm,jul29_axicon3_008,beam
1,auto_scan-2026-07-29_15-47-48,y0163.00cm,jul29_axicon3_008,beam
1,auto_scan-2026-07-29_15-47-48,y0163.50cm,jul29_axicon3_008,beam
3,auto_scan-2026-07-29_15-47-48,y0163.50cm,jul29_axicon3_008-background,background
1,auto_scan-2026-07-29_15-47-48,y0164.00cm,jul29_axicon3_008,beam
1,auto_scan-2026-07-29_15-47-48,y0164.50cm,jul29_axicon3_008,beam
1,auto_scan-2026-07-29_15-47-48,y0165.00cm,jul29_axicon3_008,beam
1,auto_scan-2026-07-29_15-47-48,y0165.50cm,jul29_axicon3_008,beam
1,auto_scan-2026-07-29_15-47-48,y0166.00cm,jul29_axicon3_008,beam
1,auto_scan-2026-07-29_15-47-48,y0166.50cm,jul29_axicon3_008,beam
1,auto_scan-2026-07-29_15-47-48,y0167.00cm,jul29_axicon3_008,beam
1,auto_scan-2026-07-29_15-47-48,y0167.50cm,jul29_axicon3_008,beam
1,auto_scan-2026-07-29_15-47-48,y0168.00cm,jul29_axicon3_008,beam
1,auto_scan-2026-07-29_15-47-48,y0168.50cm,jul29_axicon3_008,beam
1,auto_scan-2026-07-29_15-47-48,y0169.00cm,jul29_axicon3_008,beam
1,auto_scan-2026-07-29_15-47-48,y0169.50cm,jul29_axicon3_008,beam
1,auto_scan-2026-07-29_15-47-48,y0170.00cm,jul29_axicon3_008,beam
1,auto_scan-2026-07-29_15-47-48,y0170.50cm,jul29_axicon3_008,beam
1,auto_scan-2026-07-29_15-47-48,y0171.00cm,jul29_axicon3_008,beam
1,auto_scan-2026-07-29_15-47-48,y0171.50cm,jul29_axicon3_008,beam
1,auto_scan-2026-07-29_15-47-48,y0172.00cm,jul29_axicon3_008,beam
4,auto_scan-2026-07-29_15-56-42,y0170.00cm,jul29_axicon3_009,beam
12,auto_scan-2026-07-29_15-56-42,y0170.00cm,jul29_axicon3_009,dark
3,auto_scan-2026-07-29_15-56-42,y0170.00cm,jul29_axicon3_009-background,background
1,auto_scan-2026-07-29_15-56-42,y0170.50cm,jul29_axicon3_009,beam
3,auto_scan-2026-07-29_15-56-42,y0170.50cm,jul29_axicon3_009-background,background
1,auto_scan-2026-07-29_15-56-42,y0171.00cm,jul29_axicon3_009,beam
1,auto_scan-2026-07-29_15-56-42,y0171.50cm,jul29_axicon3_009,beam
1,auto_scan-2026-07-29_15-56-42,y0172.00cm,jul29_axicon3_009,beam
1,auto_scan-2026-07-29_15-56-42,y0172.50cm,jul29_axicon3_009,beam
1,auto_scan-2026-07-29_15-56-42,y0173.00cm,jul29_axicon3_009,beam
1,auto_scan-2026-07-29_15-56-42,y0173.50cm,jul29_axicon3_009,beam
1,auto_scan-2026-07-29_15-56-42,y0174.00cm,jul29_axicon3_009,beam
1,auto_scan-2026-07-29_15-56-42,y0174.50cm,jul29_axicon3_009,beam
1,auto_scan-2026-07-29_15-56-42,y0175.00cm,jul29_axicon3_009,beam
1,auto_scan-2026-07-29_15-56-42,y0175.50cm,jul29_axicon3_009,beam
1,auto_scan-2026-07-29_15-56-42,y0176.00cm,jul29_axicon3_009,beam
1,auto_scan-2026-07-29_15-56-42,y0176.50cm,jul29_axicon3_009,beam
1,auto_scan-2026-07-29_15-56-42,y0177.00cm,jul29_axicon3_009,beam
1,auto_scan-2026-07-29_15-56-42,y0177.50cm,jul29_axicon3_009,beam
1,auto_scan-2026-07-29_15-56-42,y0178.00cm,jul29_axicon3_009,beam
1,auto_scan-2026-07-29_15-56-42,y0178.50cm,jul29_axicon3_009,beam
1,auto_scan-2026-07-29_15-56-42,y0179.00cm,jul29_axicon3_009,beam
1,auto_scan-2026-07-29_15-56-42,y0179.50cm,jul29_axicon3_009,beam
1,auto_scan-2026-07-29_15-56-42,y0180.00cm,jul29_axicon3_009,beam
1,auto_scan-2026-07-29_15-56-42,y0180.50cm,jul29_axicon3_009,beam
1,auto_scan-2026-07-29_15-56-42,y0181.00cm,jul29_axicon3_009,beam
1,auto_scan-2026-07-29_15-56-42,y0181.50cm,jul29_axicon3_009,beam
4,auto_scan-2026-07-29_15-56-42,y0182.00cm,jul29_axicon3_009,beam
12,auto_scan-2026-07-29_15-56-42,y0182.00cm,jul29_axicon3_009,dark
3,auto_scan-2026-07-29_15-56-42,y0182.00cm,jul29_axicon3_009-background,background
6,auto_scan-2026-07-29_16-25-57,y0180.00cm,jul29_axicon3_010,beam
14,auto_scan-2026-07-29_16-25-57,y0180.00cm,jul29_axicon3_010,dark
3,auto_scan-2026-07-29_16-25-57,y0180.00cm,jul29_axicon3_010-background,background
1,auto_scan-2026-07-29_16-25-57,y0180.50cm,jul29_axicon3_010,beam
8,auto_scan-2026-07-29_16-25-57,y0180.50cm,jul29_axicon3_010,dark
3,auto_scan-2026-07-29_16-25-57,y0180.50cm,jul29_axicon3_010-background,background
1,auto_scan-2026-07-29_16-25-57,y0181.00cm,jul29_axicon3_010,beam
8,auto_scan-2026-07-29_16-25-57,y0181.00cm,jul29_axicon3_010,dark
2,auto_scan-2026-07-29_16-25-57,y0181.50cm,jul29_axicon3_010,beam
10,auto_scan-2026-07-29_16-25-57,y0181.50cm,jul29_axicon3_010,dark
3,auto_scan-2026-07-29_16-25-57,y0182.00cm,jul29_axicon3_010,beam
13,auto_scan-2026-07-29_16-25-57,y0182.00cm,jul29_axicon3_010,dark
3,auto_scan-2026-07-29_16-25-57,y0182.50cm,jul29_axicon3_010,beam
13,auto_scan-2026-07-29_16-25-57,y0182.50cm,jul29_axicon3_010,dark
4,auto_scan-2026-07-29_16-25-57,y0183.00cm,jul29_axicon3_010,beam
12,auto_scan-2026-07-29_16-25-57,y0183.00cm,jul29_axicon3_010,dark
4,auto_scan-2026-07-29_16-25-57,y0183.50cm,jul29_axicon3_010,beam
12,auto_scan-2026-07-29_16-25-57,y0183.50cm,jul29_axicon3_010,dark
4,auto_scan-2026-07-29_16-25-57,y0184.00cm,jul29_axicon3_010,beam
12,auto_scan-2026-07-29_16-25-57,y0184.00cm,jul29_axicon3_010,dark
4,auto_scan-2026-07-29_16-25-57,y0184.50cm,jul29_axicon3_010,beam
12,auto_scan-2026-07-29_16-25-57,y0184.50cm,jul29_axicon3_010,dark
4,auto_scan-2026-07-29_16-25-57,y0185.00cm,jul29_axicon3_010,beam
12,auto_scan-2026-07-29_16-25-57,y0185.00cm,jul29_axicon3_010,dark
4,auto_scan-2026-07-29_16-25-57,y0185.50cm,jul29_axicon3_010,beam
12,auto_scan-2026-07-29_16-25-57,y0185.50cm,jul29_axicon3_010,dark
3,auto_scan-2026-07-29_16-25-57,y0186.00cm,jul29_axicon3_010,beam
13,auto_scan-2026-07-29_16-25-57,y0186.00cm,jul29_axicon3_010,dark
2,auto_scan-2026-07-29_16-25-57,y0186.50cm,jul29_axicon3_010,beam
10,auto_scan-2026-07-29_16-25-57,y0186.50cm,jul29_axicon3_010,dark
2,auto_scan-2026-07-29_16-25-57,y0187.00cm,jul29_axicon3_010,beam
10,auto_scan-2026-07-29_16-25-57,y0187.00cm,jul29_axicon3_010,dark
2,auto_scan-2026-07-29_16-25-57,y0187.50cm,jul29_axicon3_010,beam
10,auto_scan-2026-07-29_16-25-57,y0187.50cm,jul29_axicon3_010,dark
2,auto_scan-2026-07-29_16-25-57,y0188.00cm,jul29_axicon3_010,beam
10,auto_scan-2026-07-29_16-25-57,y0188.00cm,jul29_axicon3_010,dark
2,auto_scan-2026-07-29_16-25-57,y0188.50cm,jul29_axicon3_010,beam
10,auto_scan-2026-07-29_16-25-57,y0188.50cm,jul29_axicon3_010,dark
2,auto_scan-2026-07-29_16-25-57,y0189.00cm,jul29_axicon3_010,beam
10,auto_scan-2026-07-29_16-25-57,y0189.00cm,jul29_axicon3_010,dark
2,auto_scan-2026-07-29_16-25-57,y0189.50cm,jul29_axicon3_010,beam
10,auto_scan-2026-07-29_16-25-57,y0189.50cm,jul29_axicon3_010,dark
3,auto_scan-2026-07-29_16-25-57,y0190.00cm,jul29_axicon3_010,beam
13,auto_scan-2026-07-29_16-25-57,y0190.00cm,jul29_axicon3_010,dark
4,auto_scan-2026-07-29_16-25-57,y0190.50cm,jul29_axicon3_010,beam
12,auto_scan-2026-07-29_16-25-57,y0190.50cm,jul29_axicon3_010,dark
3,auto_scan-2026-07-29_16-25-57,y0190.50cm,jul29_axicon3_010-background,background
3,auto_scan-2026-07-29_16-25-57,y0191.00cm,jul29_axicon3_010,beam
13,auto_scan-2026-07-29_16-25-57,y0191.00cm,jul29_axicon3_010,dark
3,auto_scan-2026-07-29_16-25-57,y0191.50cm,jul29_axicon3_010,beam
13,auto_scan-2026-07-29_16-25-57,y0191.50cm,jul29_axicon3_010,dark
2,auto_scan-2026-07-29_16-25-57,y0192.00cm,jul29_axicon3_010,beam
10,auto_scan-2026-07-29_16-25-57,y0192.00cm,jul29_axicon3_010,dark
3,auto_scan-2026-07-29_16-25-57,y0192.00cm,jul29_axicon3_010-background,background
4,auto_scan-2026-07-29_17-14-37,y0189.00cm,jul29_axicon3_011,beam
12,auto_scan-2026-07-29_17-14-37,y0189.00cm,jul29_axicon3_011,dark
3,auto_scan-2026-07-29_17-14-37,y0189.00cm,jul29_axicon3_011-background,background
2,auto_scan-2026-07-29_17-14-37,y0189.50cm,jul29_axicon3_011,beam
10,auto_scan-2026-07-29_17-14-37,y0189.50cm,jul29_axicon3_011,dark
3,auto_scan-2026-07-29_17-14-37,y0189.50cm,jul29_axicon3_011-background,background
2,auto_scan-2026-07-29_17-14-37,y0190.00cm,jul29_axicon3_011,beam
10,auto_scan-2026-07-29_17-14-37,y0190.00cm,jul29_axicon3_011,dark
2,auto_scan-2026-07-29_17-14-37,y0190.50cm,jul29_axicon3_011,beam
10,auto_scan-2026-07-29_17-14-37,y0190.50cm,jul29_axicon3_011,dark
3,auto_scan-2026-07-29_17-14-37,y0190.50cm,jul29_axicon3_011-background,background
2,auto_scan-2026-07-29_17-14-37,y0191.00cm,jul29_axicon3_011,beam
10,auto_scan-2026-07-29_17-14-37,y0191.00cm,jul29_axicon3_011,dark
2,auto_scan-2026-07-29_17-14-37,y0191.50cm,jul29_axicon3_011,beam
10,auto_scan-2026-07-29_17-14-37,y0191.50cm,jul29_axicon3_011,dark
2,auto_scan-2026-07-29_17-14-37,y0192.00cm,jul29_axicon3_011,beam
10,auto_scan-2026-07-29_17-14-37,y0192.00cm,jul29_axicon3_011,dark
2,auto_scan-2026-07-29_17-14-37,y0192.50cm,jul29_axicon3_011,beam
10,auto_scan-2026-07-29_17-14-37,y0192.50cm,jul29_axicon3_011,dark
2,auto_scan-2026-07-29_17-14-37,y0193.00cm,jul29_axicon3_011,beam
10,auto_scan-2026-07-29_17-14-37,y0193.00cm,jul29_axicon3_011,dark
3,auto_scan-2026-07-29_17-14-37,y0193.00cm,jul29_axicon3_011-background,background
2,auto_scan-2026-07-29_17-14-37,y0193.50cm,jul29_axicon3_011,beam
10,auto_scan-2026-07-29_17-14-37,y0193.50cm,jul29_axicon3_011,dark
2,auto_scan-2026-07-29_17-14-37,y0194.00cm,jul29_axicon3_011,beam
10,auto_scan-2026-07-29_17-14-37,y0194.00cm,jul29_axicon3_011,dark
2,auto_scan-2026-07-29_17-14-37,y0194.50cm,jul29_axicon3_011,beam
10,auto_scan-2026-07-29_17-14-37,y0194.50cm,jul29_axicon3_011,dark
2,auto_scan-2026-07-29_17-14-37,y0195.00cm,jul29_axicon3_011,beam
10,auto_scan-2026-07-29_17-14-37,y0195.00cm,jul29_axicon3_011,dark
2,auto_scan-2026-07-29_17-14-37,y0195.50cm,jul29_axicon3_011,beam
10,auto_scan-2026-07-29_17-14-37,y0195.50cm,jul29_axicon3_011,dark
3,auto_scan-2026-07-29_17-14-37,y0195.50cm,jul29_axicon3_011-background,background
2,auto_scan-2026-07-29_17-14-37,y0196.00cm,jul29_axicon3_011,beam
10,auto_scan-2026-07-29_17-14-37,y0196.00cm,jul29_axicon3_011,dark
2,auto_scan-2026-07-29_17-14-37,y0196.50cm,jul29_axicon3_011,beam
10,auto_scan-2026-07-29_17-14-37,y0196.50cm,jul29_axicon3_011,dark
2,auto_scan-2026-07-29_17-14-37,y0197.00cm,jul29_axicon3_011,beam
10,auto_scan-2026-07-29_17-14-37,y0197.00cm,jul29_axicon3_011,dark
2,auto_scan-2026-07-29_17-14-37,y0197.50cm,jul29_axicon3_011,beam
10,auto_scan-2026-07-29_17-14-37,y0197.50cm,jul29_axicon3_011,dark
2,auto_scan-2026-07-29_17-14-37,y0198.00cm,jul29_axicon3_011,beam
10,auto_scan-2026-07-29_17-14-37,y0198.00cm,jul29_axicon3_011,dark
2,auto_scan-2026-07-29_17-14-37,y0198.50cm,jul29_axicon3_011,beam
10,auto_scan-2026-07-29_17-14-37,y0198.50cm,jul29_axicon3_011,dark
2,auto_scan-2026-07-29_17-14-37,y0199.00cm,jul29_axicon3_011,beam
10,auto_scan-2026-07-29_17-14-37,y0199.00cm,jul29_axicon3_011,dark
2,auto_scan-2026-07-29_17-14-37,y0199.50cm,jul29_axicon3_011,beam
10,auto_scan-2026-07-29_17-14-37,y0199.50cm,jul29_axicon3_011,dark
2,auto_scan-2026-07-29_17-14-37,y0200.00cm,jul29_axicon3_011,beam
10,auto_scan-2026-07-29_17-14-37,y0200.00cm,jul29_axicon3_011,dark
2,auto_scan-2026-07-29_17-14-37,y0200.50cm,jul29_axicon3_011,beam
10,auto_scan-2026-07-29_17-14-37,y0200.50cm,jul29_axicon3_011,dark
2,auto_scan-2026-07-29_17-14-37,y0201.00cm,jul29_axicon3_011,beam
10,auto_scan-2026-07-29_17-14-37,y0201.00cm,jul29_axicon3_011,dark
15,auto_scan-2026-07-30_10-28-52,y0080.00cm,jul30_axicon3_001_080,beam
21,auto_scan-2026-07-30_10-28-52,y0080.00cm,jul30_axicon3_001_080,dark
3,auto_scan-2026-07-30_10-28-52,y0080.00cm,jul30_axicon3_001_080-background,background
4,auto_scan-2026-07-30_10-28-52,y0080.50cm,jul30_axicon3_001_080,beam
12,auto_scan-2026-07-30_10-28-52,y0080.50cm,jul30_axicon3_001_080,dark
3,auto_scan-2026-07-30_10-28-52,y0080.50cm,jul30_axicon3_001_080-background,background
4,auto_scan-2026-07-30_10-28-52,y0081.00cm,jul30_axicon3_001_080,beam
12,auto_scan-2026-07-30_10-28-52,y0081.00cm,jul30_axicon3_001_080,dark
3,auto_scan-2026-07-30_10-28-52,y0081.00cm,jul30_axicon3_001_080-background,background
4,auto_scan-2026-07-30_10-28-52,y0081.50cm,jul30_axicon3_001_080,beam
12,auto_scan-2026-07-30_10-28-52,y0081.50cm,jul30_axicon3_001_080,dark
4,auto_scan-2026-07-30_10-28-52,y0082.00cm,jul30_axicon3_001_080,beam
12,auto_scan-2026-07-30_10-28-52,y0082.00cm,jul30_axicon3_001_080,dark
4,auto_scan-2026-07-30_10-28-52,y0082.50cm,jul30_axicon3_001_080,beam
12,auto_scan-2026-07-30_10-28-52,y0082.50cm,jul30_axicon3_001_080,dark
4,auto_scan-2026-07-30_10-28-52,y0083.00cm,jul30_axicon3_001_080,beam
12,auto_scan-2026-07-30_10-28-52,y0083.00cm,jul30_axicon3_001_080,dark
4,auto_scan-2026-07-30_10-28-52,y0083.50cm,jul30_axicon3_001_080,beam
12,auto_scan-2026-07-30_10-28-52,y0083.50cm,jul30_axicon3_001_080,dark
4,auto_scan-2026-07-30_10-28-52,y0084.00cm,jul30_axicon3_001_080,beam
12,auto_scan-2026-07-30_10-28-52,y0084.00cm,jul30_axicon3_001_080,dark
4,auto_scan-2026-07-30_10-28-52,y0084.50cm,jul30_axicon3_001_080,beam
12,auto_scan-2026-07-30_10-28-52,y0084.50cm,jul30_axicon3_001_080,dark
3,auto_scan-2026-07-30_10-28-52,y0084.50cm,jul30_axicon3_001_080-background,background
1,auto_scan-2026-07-30_10-28-52,y0085.00cm,jul30_axicon3_001_080,beam
1,auto_scan-2026-07-30_10-28-52,y0085.50cm,jul30_axicon3_001_080,beam
1,auto_scan-2026-07-30_10-28-52,y0086.00cm,jul30_axicon3_001_080,beam
1,auto_scan-2026-07-30_10-28-52,y0086.50cm,jul30_axicon3_001_080,beam
1,auto_scan-2026-07-30_10-28-52,y0087.00cm,jul30_axicon3_001_080,beam
1,auto_scan-2026-07-30_10-28-52,y0087.50cm,jul30_axicon3_001_080,beam
1,auto_scan-2026-07-30_10-28-52,y0088.00cm,jul30_axicon3_001_080,beam
1,auto_scan-2026-07-30_10-28-52,y0088.50cm,jul30_axicon3_001_080,beam
1,auto_scan-2026-07-30_10-28-52,y0089.00cm,jul30_axicon3_001_080,beam
3,auto_scan-2026-07-30_10-28-52,y0089.00cm,jul30_axicon3_001_080-background,background
1,auto_scan-2026-07-30_10-28-52,y0089.50cm,jul30_axicon3_001_080,beam
1,auto_scan-2026-07-30_10-28-52,y0090.00cm,jul30_axicon3_001_080,beam
1,auto_scan-2026-07-30_10-28-52,y0090.50cm,jul30_axicon3_001_080,beam
1,auto_scan-2026-07-30_10-28-52,y0091.00cm,jul30_axicon3_001_080,beam
1,auto_scan-2026-07-30_10-28-52,y0091.50cm,jul30_axicon3_001_080,beam
1,auto_scan-2026-07-30_10-28-52,y0092.00cm,jul30_axicon3_001_080,beam
4,auto_scan-2026-07-30_10-57-31,y0070.00cm,jul30_axicon3_001_070,beam
12,auto_scan-2026-07-30_10-57-31,y0070.00cm,jul30_axicon3_001_070,dark
3,auto_scan-2026-07-30_10-57-31,y0070.00cm,jul30_axicon3_001_070-background,background
4,auto_scan-2026-07-30_10-57-31,y0070.50cm,jul30_axicon3_001_070,beam
12,auto_scan-2026-07-30_10-57-31,y0070.50cm,jul30_axicon3_001_070,dark
4,auto_scan-2026-07-30_10-57-31,y0071.00cm,jul30_axicon3_001_070,beam
12,auto_scan-2026-07-30_10-57-31,y0071.00cm,jul30_axicon3_001_070,dark
4,auto_scan-2026-07-30_10-57-31,y0071.50cm,jul30_axicon3_001_070,beam
12,auto_scan-2026-07-30_10-57-31,y0071.50cm,jul30_axicon3_001_070,dark
4,auto_scan-2026-07-30_10-57-31,y0072.00cm,jul30_axicon3_001_070,beam
12,auto_scan-2026-07-30_10-57-31,y0072.00cm,jul30_axicon3_001_070,dark
4,auto_scan-2026-07-30_10-57-31,y0072.50cm,jul30_axicon3_001_070,beam
12,auto_scan-2026-07-30_10-57-31,y0072.50cm,jul30_axicon3_001_070,dark
4,auto_scan-2026-07-30_10-57-31,y0073.00cm,jul30_axicon3_001_070,beam
12,auto_scan-2026-07-30_10-57-31,y0073.00cm,jul30_axicon3_001_070,dark
3,auto_scan-2026-07-30_10-57-31,y0073.00cm,jul30_axicon3_001_070-background,background
4,auto_scan-2026-07-30_10-57-31,y0073.50cm,jul30_axicon3_001_070,beam
12,auto_scan-2026-07-30_10-57-31,y0073.50cm,jul30_axicon3_001_070,dark
4,auto_scan-2026-07-30_10-57-31,y0074.00cm,jul30_axicon3_001_070,beam
12,auto_scan-2026-07-30_10-57-31,y0074.00cm,jul30_axicon3_001_070,dark
4,auto_scan-2026-07-30_10-57-31,y0074.50cm,jul30_axicon3_001_070,beam
12,auto_scan-2026-07-30_10-57-31,y0074.50cm,jul30_axicon3_001_070,dark
4,auto_scan-2026-07-30_10-57-31,y0075.00cm,jul30_axicon3_001_070,beam
12,auto_scan-2026-07-30_10-57-31,y0075.00cm,jul30_axicon3_001_070,dark
3,auto_scan-2026-07-30_10-57-31,y0075.00cm,jul30_axicon3_001_070-background,background
4,auto_scan-2026-07-30_10-57-31,y0075.50cm,jul30_axicon3_001_070,beam
12,auto_scan-2026-07-30_10-57-31,y0075.50cm,jul30_axicon3_001_070,dark
4,auto_scan-2026-07-30_10-57-31,y0076.00cm,jul30_axicon3_001_070,beam
12,auto_scan-2026-07-30_10-57-31,y0076.00cm,jul30_axicon3_001_070,dark
4,auto_scan-2026-07-30_10-57-31,y0076.50cm,jul30_axicon3_001_070,beam
12,auto_scan-2026-07-30_10-57-31,y0076.50cm,jul30_axicon3_001_070,dark
4,auto_scan-2026-07-30_10-57-31,y0077.00cm,jul30_axicon3_001_070,beam
12,auto_scan-2026-07-30_10-57-31,y0077.00cm,jul30_axicon3_001_070,dark
3,auto_scan-2026-07-30_10-57-31,y0077.00cm,jul30_axicon3_001_070-background,background
4,auto_scan-2026-07-30_10-57-31,y0077.50cm,jul30_axicon3_001_070,beam
12,auto_scan-2026-07-30_10-57-31,y0077.50cm,jul30_axicon3_001_070,dark
4,auto_scan-2026-07-30_10-57-31,y0078.00cm,jul30_axicon3_001_070,beam
12,auto_scan-2026-07-30_10-57-31,y0078.00cm,jul30_axicon3_001_070,dark
4,auto_scan-2026-07-30_10-57-31,y0078.50cm,jul30_axicon3_001_070,beam
12,auto_scan-2026-07-30_10-57-31,y0078.50cm,jul30_axicon3_001_070,dark
4,auto_scan-2026-07-30_10-57-31,y0079.00cm,jul30_axicon3_001_070,beam
12,auto_scan-2026-07-30_10-57-31,y0079.00cm,jul30_axicon3_001_070,dark
4,auto_scan-2026-07-30_10-57-31,y0079.50cm,jul30_axicon3_001_070,beam
12,auto_scan-2026-07-30_10-57-31,y0079.50cm,jul30_axicon3_001_070,dark
4,auto_scan-2026-07-30_10-57-31,y0080.00cm,jul30_axicon3_001_070,beam
12,auto_scan-2026-07-30_10-57-31,y0080.00cm,jul30_axicon3_001_070,dark
4,auto_scan-2026-07-30_10-57-31,y0080.50cm,jul30_axicon3_001_070,beam
12,auto_scan-2026-07-30_10-57-31,y0080.50cm,jul30_axicon3_001_070,dark
4,auto_scan-2026-07-30_10-57-31,y0081.00cm,jul30_axicon3_001_070,beam
12,auto_scan-2026-07-30_10-57-31,y0081.00cm,jul30_axicon3_001_070,dark
4,auto_scan-2026-07-30_10-57-31,y0081.50cm,jul30_axicon3_001_070,beam
12,auto_scan-2026-07-30_10-57-31,y0081.50cm,jul30_axicon3_001_070,dark
3,auto_scan-2026-07-30_10-57-31,y0081.50cm,jul30_axicon3_001_070-background,background
4,auto_scan-2026-07-30_10-57-31,y0082.00cm,jul30_axicon3_001_070,beam
12,auto_scan-2026-07-30_10-57-31,y0082.00cm,jul30_axicon3_001_070,dark
2,auto_scan-2026-07-30_11-19-30,y0060.00cm,jul30_axicon3_001_060,beam
10,auto_scan-2026-07-30_11-19-30,y0060.00cm,jul30_axicon3_001_060,dark
3,auto_scan-2026-07-30_11-19-30,y0060.00cm,jul30_axicon3_001_060-background,background
2,auto_scan-2026-07-30_11-19-30,y0060.50cm,jul30_axicon3_001_060,beam
10,auto_scan-2026-07-30_11-19-30,y0060.50cm,jul30_axicon3_001_060,dark
2,auto_scan-2026-07-30_11-19-30,y0061.00cm,jul30_axicon3_001_060,beam
10,auto_scan-2026-07-30_11-19-30,y0061.00cm,jul30_axicon3_001_060,dark
2,auto_scan-2026-07-30_11-19-30,y0061.50cm,jul30_axicon3_001_060,beam
10,auto_scan-2026-07-30_11-19-30,y0061.50cm,jul30_axicon3_001_060,dark
2,auto_scan-2026-07-30_11-19-30,y0062.00cm,jul30_axicon3_001_060,beam
10,auto_scan-2026-07-30_11-19-30,y0062.00cm,jul30_axicon3_001_060,dark
2,auto_scan-2026-07-30_11-19-30,y0062.50cm,jul30_axicon3_001_060,beam
10,auto_scan-2026-07-30_11-19-30,y0062.50cm,jul30_axicon3_001_060,dark
2,auto_scan-2026-07-30_11-19-30,y0063.00cm,jul30_axicon3_001_060,beam
10,auto_scan-2026-07-30_11-19-30,y0063.00cm,jul30_axicon3_001_060,dark
2,auto_scan-2026-07-30_11-19-30,y0063.50cm,jul30_axicon3_001_060,beam
10,auto_scan-2026-07-30_11-19-30,y0063.50cm,jul30_axicon3_001_060,dark
2,auto_scan-2026-07-30_11-19-30,y0064.00cm,jul30_axicon3_001_060,beam
10,auto_scan-2026-07-30_11-19-30,y0064.00cm,jul30_axicon3_001_060,dark
2,auto_scan-2026-07-30_11-19-30,y0064.50cm,jul30_axicon3_001_060,beam
10,auto_scan-2026-07-30_11-19-30,y0064.50cm,jul30_axicon3_001_060,dark
2,auto_scan-2026-07-30_11-19-30,y0065.00cm,jul30_axicon3_001_060,beam
10,auto_scan-2026-07-30_11-19-30,y0065.00cm,jul30_axicon3_001_060,dark
4,auto_scan-2026-07-30_11-19-30,y0065.50cm,jul30_axicon3_001_060,beam
12,auto_scan-2026-07-30_11-19-30,y0065.50cm,jul30_axicon3_001_060,dark
4,auto_scan-2026-07-30_11-19-30,y0066.00cm,jul30_axicon3_001_060,beam
12,auto_scan-2026-07-30_11-19-30,y0066.00cm,jul30_axicon3_001_060,dark
4,auto_scan-2026-07-30_11-19-30,y0066.50cm,jul30_axicon3_001_060,beam
12,auto_scan-2026-07-30_11-19-30,y0066.50cm,jul30_axicon3_001_060,dark
3,auto_scan-2026-07-30_11-19-30,y0066.50cm,jul30_axicon3_001_060-background,background
4,auto_scan-2026-07-30_11-19-30,y0067.00cm,jul30_axicon3_001_060,beam
12,auto_scan-2026-07-30_11-19-30,y0067.00cm,jul30_axicon3_001_060,dark
4,auto_scan-2026-07-30_11-19-30,y0067.50cm,jul30_axicon3_001_060,beam
12,auto_scan-2026-07-30_11-19-30,y0067.50cm,jul30_axicon3_001_060,dark
4,auto_scan-2026-07-30_11-19-30,y0068.00cm,jul30_axicon3_001_060,beam
12,auto_scan-2026-07-30_11-19-30,y0068.00cm,jul30_axicon3_001_060,dark
4,auto_scan-2026-07-30_11-19-30,y0068.50cm,jul30_axicon3_001_060,beam
12,auto_scan-2026-07-30_11-19-30,y0068.50cm,jul30_axicon3_001_060,dark
4,auto_scan-2026-07-30_11-19-30,y0069.00cm,jul30_axicon3_001_060,beam
12,auto_scan-2026-07-30_11-19-30,y0069.00cm,jul30_axicon3_001_060,dark
7,auto_scan-2026-07-30_11-19-30,y0069.50cm,jul30_axicon3_001_060,beam
4,auto_scan-2026-07-30_11-33-11,y0069.00cm,jul30_axicon3_001_060,beam
12,auto_scan-2026-07-30_11-33-11,y0069.00cm,jul30_axicon3_001_060,dark
3,auto_scan-2026-07-30_11-33-11,y0069.00cm,jul30_axicon3_001_060-background,background
4,auto_scan-2026-07-30_11-33-11,y0069.50cm,jul30_axicon3_001_060,beam
12,auto_scan-2026-07-30_11-33-11,y0069.50cm,jul30_axicon3_001_060,dark
4,auto_scan-2026-07-30_11-33-11,y0070.00cm,jul30_axicon3_001_060,beam
12,auto_scan-2026-07-30_11-33-11,y0070.00cm,jul30_axicon3_001_060,dark
4,auto_scan-2026-07-30_11-33-11,y0070.50cm,jul30_axicon3_001_060,beam
12,auto_scan-2026-07-30_11-33-11,y0070.50cm,jul30_axicon3_001_060,dark
4,auto_scan-2026-07-30_11-33-11,y0071.00cm,jul30_axicon3_001_060,beam
12,auto_scan-2026-07-30_11-33-11,y0071.00cm,jul30_axicon3_001_060,dark
4,auto_scan-2026-07-30_11-33-11,y0071.50cm,jul30_axicon3_001_060,beam
12,auto_scan-2026-07-30_11-33-11,y0071.50cm,jul30_axicon3_001_060,dark
4,auto_scan-2026-07-30_11-33-11,y0072.00cm,jul30_axicon3_001_060,beam
12,auto_scan-2026-07-30_11-33-11,y0072.00cm,jul30_axicon3_001_060,dark
3,auto_scan-2026-07-30_11-33-11,y0072.00cm,jul30_axicon3_001_060-background,background
9,auto_scan-2026-08-06_08-38-37,y0080.00cm,aug6_axicon3_007,beam
16,auto_scan-2026-08-06_08-38-37,y0080.00cm,aug6_axicon3_007,dark
8,auto_scan-2026-08-06_08-38-37,y0081.00cm,aug6_axicon3_007,beam
17,auto_scan-2026-08-06_08-38-37,y0081.00cm,aug6_axicon3_007,dark
8,auto_scan-2026-08-06_08-38-37,y0082.00cm,aug6_axicon3_007,beam
17,auto_scan-2026-08-06_08-38-37,y0082.00cm,aug6_axicon3_007,dark
7,auto_scan-2026-08-06_08-38-37,y0083.00cm,aug6_axicon3_007,beam
18,auto_scan-2026-08-06_08-38-37,y0083.00cm,aug6_axicon3_007,dark
6,auto_scan-2026-08-06_08-38-37,y0084.00cm,aug6_axicon3_007,beam
14,auto_scan-2026-08-06_08-38-37,y0084.00cm,aug6_axicon3_007,dark
6,auto_scan-2026-08-06_08-38-37,y0085.00cm,aug6_axicon3_007,beam
14,auto_scan-2026-08-06_08-38-37,y0085.00cm,aug6_axicon3_007,dark
6,auto_scan-2026-08-06_08-38-37,y0086.00cm,aug6_axicon3_007,beam
14,auto_scan-2026-08-06_08-38-37,y0086.00cm,aug6_axicon3_007,dark
6,auto_scan-2026-08-06_08-38-37,y0087.00cm,aug6_axicon3_007,beam
14,auto_scan-2026-08-06_08-38-37,y0087.00cm,aug6_axicon3_007,dark
16,auto_scan-2026-08-06_08-38-37,y0088.00cm,aug6_axicon3_007,beam
7,auto_scan-2026-08-06_09-33-56,y0085.00cm,aug6_axicon3_007,beam
18,auto_scan-2026-08-06_09-33-56,y0085.00cm,aug6_axicon3_007,dark
6,auto_scan-2026-08-06_09-33-56,y0086.00cm,aug6_axicon3_007,beam
14,auto_scan-2026-08-06_09-33-56,y0086.00cm,aug6_axicon3_007,dark
4,auto_scan-2026-08-06_09-33-56,y0087.00cm,aug6_axicon3_007,beam
12,auto_scan-2026-08-06_09-33-56,y0087.00cm,aug6_axicon3_007,dark
6,auto_scan-2026-08-06_09-33-56,y0088.00cm,aug6_axicon3_007,beam
14,auto_scan-2026-08-06_09-33-56,y0088.00cm,aug6_axicon3_007,dark
6,auto_scan-2026-08-06_09-33-56,y0089.00cm,aug6_axicon3_007,beam
14,auto_scan-2026-08-06_09-33-56,y0089.00cm,aug6_axicon3_007,dark
6,auto_scan-2026-08-06_09-33-56,y0090.00cm,aug6_axicon3_007,beam
14,auto_scan-2026-08-06_09-33-56,y0090.00cm,aug6_axicon3_007,dark
6,auto_scan-2026-08-06_09-33-56,y0091.00cm,aug6_axicon3_007,beam
14,auto_scan-2026-08-06_09-33-56,y0091.00cm,aug6_axicon3_007,dark
6,auto_scan-2026-08-06_09-33-56,y0092.00cm,aug6_axicon3_007,beam
14,auto_scan-2026-08-06_09-33-56,y0092.00cm,aug6_axicon3_007,dark
6,auto_scan-2026-08-06_09-50-11,y0090.00cm,aug6_axicon3_007,beam
19,auto_scan-2026-08-06_09-50-11,y0090.00cm,aug6_axicon3_007,dark
5,auto_scan-2026-08-06_09-50-11,y0091.00cm,aug6_axicon3_007,beam
15,auto_scan-2026-08-06_09-50-11,y0091.00cm,aug6_axicon3_007,dark
6,auto_scan-2026-08-06_09-50-11,y0092.00cm,aug6_axicon3_007,beam
19,auto_scan-2026-08-06_09-50-11,y0092.00cm,aug6_axicon3_007,dark
7,auto_scan-2026-08-06_09-50-11,y0093.00cm,aug6_axicon3_007,beam
18,auto_scan-2026-08-06_09-50-11,y0093.00cm,aug6_axicon3_007,dark
7,auto_scan-2026-08-06_09-50-11,y0094.00cm,aug6_axicon3_007,beam
18,auto_scan-2026-08-06_09-50-11,y0094.00cm,aug6_axicon3_007,dark
4,auto_scan-2026-08-06_09-50-11,y0095.00cm,aug6_axicon3_007,beam
12,auto_scan-2026-08-06_09-50-11,y0095.00cm,aug6_axicon3_007,dark
2,auto_scan-2026-08-06_09-50-11,y0096.00cm,aug6_axicon3_007,beam
10,auto_scan-2026-08-06_09-50-11,y0096.00cm,aug6_axicon3_007,dark
2,auto_scan-2026-08-06_09-50-11,y0097.00cm,aug6_axicon3_007,beam
10,auto_scan-2026-08-06_09-50-11,y0097.00cm,aug6_axicon3_007,dark
2,auto_scan-2026-08-06_09-50-11,y0098.00cm,aug6_axicon3_007,beam
10,auto_scan-2026-08-06_09-50-11,y0098.00cm,aug6_axicon3_007,dark
4,auto_scan-2026-08-06_09-50-11,y0099.00cm,aug6_axicon3_007,beam
12,auto_scan-2026-08-06_09-50-11,y0099.00cm,aug6_axicon3_007,dark
4,auto_scan-2026-08-06_09-50-11,y0100.00cm,aug6_axicon3_007,beam
12,auto_scan-2026-08-06_09-50-11,y0100.00cm,aug6_axicon3_007,dark
4,auto_scan-2026-08-06_09-50-11,y0101.00cm,aug6_axicon3_007,beam
12,auto_scan-2026-08-06_09-50-11,y0101.00cm,aug6_axicon3_007,dark
1,auto_scan-2026-08-06_09-50-11,y0102.00cm,aug6_axicon3_007,beam
15,auto_scan-2026-08-06_10-16-44,y0100.00cm,aug6_axicon3_010,beam
25,auto_scan-2026-08-06_10-16-44,y0100.00cm,aug6_axicon3_010,dark
6,auto_scan-2026-08-06_10-16-44,y0101.00cm,aug6_axicon3_010,beam
14,auto_scan-2026-08-06_10-16-44,y0101.00cm,aug6_axicon3_010,dark
1,auto_scan-2026-08-06_10-16-44,y0102.00cm,aug6_axicon3_010,beam
1,auto_scan-2026-08-06_10-16-44,y0103.00cm,aug6_axicon3_010,beam
1,auto_scan-2026-08-06_10-16-44,y0104.00cm,aug6_axicon3_010,beam
1,auto_scan-2026-08-06_10-16-44,y0105.00cm,aug6_axicon3_010,beam
4,auto_scan-2026-08-06_10-16-44,y0106.00cm,aug6_axicon3_010,beam
12,auto_scan-2026-08-06_10-16-44,y0106.00cm,aug6_axicon3_010,dark
4,auto_scan-2026-08-06_10-16-44,y0107.00cm,aug6_axicon3_010,beam
12,auto_scan-2026-08-06_10-16-44,y0107.00cm,aug6_axicon3_010,dark
4,auto_scan-2026-08-06_10-16-44,y0108.00cm,aug6_axicon3_010,beam
12,auto_scan-2026-08-06_10-16-44,y0108.00cm,aug6_axicon3_010,dark
4,auto_scan-2026-08-06_10-16-44,y0109.00cm,aug6_axicon3_010,beam
12,auto_scan-2026-08-06_10-16-44,y0109.00cm,aug6_axicon3_010,dark
4,auto_scan-2026-08-06_10-16-44,y0110.00cm,aug6_axicon3_010,beam
12,auto_scan-2026-08-06_10-16-44,y0110.00cm,aug6_axicon3_010,dark
4,auto_scan-2026-08-06_10-16-44,y0111.00cm,aug6_axicon3_010,beam
12,auto_scan-2026-08-06_10-16-44,y0111.00cm,aug6_axicon3_010,dark
3,auto_scan-2026-08-06_10-16-44,y0112.00cm,aug6_axicon3_010,beam
13,auto_scan-2026-08-06_10-16-44,y0112.00cm,aug6_axicon3_010,dark
1,auto_scan-2026-08-06_10-52-08,y0110.00cm,aug6_axicon3_011,beam
1,auto_scan-2026-08-06_10-52-08,y0111.00cm,aug6_axicon3_011,beam
4,auto_scan-2026-08-06_10-52-08,y0112.00cm,aug6_axicon3_011,beam
12,auto_scan-2026-08-06_10-52-08,y0112.00cm,aug6_axicon3_011,dark
4,auto_scan-2026-08-06_10-52-08,y0113.00cm,aug6_axicon3_011,beam
12,auto_scan-2026-08-06_10-52-08,y0113.00cm,aug6_axicon3_011,dark
1,auto_scan-2026-08-06_10-52-08,y0114.00cm,aug6_axicon3_011,beam
1,auto_scan-2026-08-06_10-52-08,y0115.00cm,aug6_axicon3_011,beam
1,auto_scan-2026-08-06_10-52-08,y0116.00cm,aug6_axicon3_011,beam
1,auto_scan-2026-08-06_10-52-08,y0117.00cm,aug6_axicon3_011,beam
1,auto_scan-2026-08-06_10-52-08,y0118.00cm,aug6_axicon3_011,beam
1,auto_scan-2026-08-06_10-52-08,y0119.00cm,aug6_axicon3_011,beam
1,auto_scan-2026-08-06_10-52-08,y0120.00cm,aug6_axicon3_011,beam
1,auto_scan-2026-08-06_10-52-08,y0121.00cm,aug6_axicon3_011,beam
2,auto_scan-2026-08-06_10-52-08,y0122.00cm,aug6_axicon3_011,beam
10,auto_scan-2026-08-06_10-52-08,y0122.00cm,aug6_axicon3_011,dark
1,auto_scan-2026-08-06_10-59-06,y0130.00cm,aug6_axicon3_012,beam
1,auto_scan-2026-08-06_10-59-06,y0131.00cm,aug6_axicon3_012,beam
1,auto_scan-2026-08-06_10-59-06,y0132.00cm,aug6_axicon3_012,beam
1,auto_scan-2026-08-06_10-59-06,y0133.00cm,aug6_axicon3_012,beam
1,auto_scan-2026-08-06_10-59-06,y0134.00cm,aug6_axicon3_012,beam
2,auto_scan-2026-08-06_10-59-06,y0135.00cm,aug6_axicon3_012,beam
10,auto_scan-2026-08-06_10-59-06,y0135.00cm,aug6_axicon3_012,dark
2,auto_scan-2026-08-06_10-59-06,y0136.00cm,aug6_axicon3_012,beam
10,auto_scan-2026-08-06_10-59-06,y0136.00cm,aug6_axicon3_012,dark
4,auto_scan-2026-08-06_10-59-06,y0137.00cm,aug6_axicon3_012,beam
12,auto_scan-2026-08-06_10-59-06,y0137.00cm,aug6_axicon3_012,dark
4,auto_scan-2026-08-06_10-59-06,y0138.00cm,aug6_axicon3_012,beam
12,auto_scan-2026-08-06_10-59-06,y0138.00cm,aug6_axicon3_012,dark
1,auto_scan-2026-08-06_10-59-06,y0139.00cm,aug6_axicon3_012,beam
1,auto_scan-2026-08-06_10-59-06,y0140.00cm,aug6_axicon3_012,beam
2,auto_scan-2026-08-06_10-59-06,y0141.00cm,aug6_axicon3_012,beam
10,auto_scan-2026-08-06_10-59-06,y0141.00cm,aug6_axicon3_012,dark
2,auto_scan-2026-08-06_10-59-06,y0142.00cm,aug6_axicon3_012,beam
7,auto_scan-2026-08-06_10-59-06,y0142.00cm,aug6_axicon3_012,dark
1,auto_scan-2026-08-06_11-19-48,y0130.00cm,aug6_axicon3_013,beam
1,auto_scan-2026-08-06_11-19-48,y0131.00cm,aug6_axicon3_013,beam
1,auto_scan-2026-08-06_11-19-48,y0132.00cm,aug6_axicon3_013,beam
2,auto_scan-2026-08-06_11-19-48,y0133.00cm,aug6_axicon3_013,beam
10,auto_scan-2026-08-06_11-19-48,y0133.00cm,aug6_axicon3_013,dark
2,auto_scan-2026-08-06_11-19-48,y0134.00cm,aug6_axicon3_013,beam
10,auto_scan-2026-08-06_11-19-48,y0134.00cm,aug6_axicon3_013,dark
1,auto_scan-2026-08-06_11-19-48,y0135.00cm,aug6_axicon3_013,beam
1,auto_scan-2026-08-06_11-19-48,y0136.00cm,aug6_axicon3_013,beam
1,auto_scan-2026-08-06_11-19-48,y0137.00cm,aug6_axicon3_013,beam
4,auto_scan-2026-08-06_11-19-48,y0138.00cm,aug6_axicon3_013,beam
12,auto_scan-2026-08-06_11-19-48,y0138.00cm,aug6_axicon3_013,dark
2,auto_scan-2026-08-06_11-19-48,y0139.00cm,aug6_axicon3_013,beam
7,auto_scan-2026-08-06_11-19-48,y0139.00cm,aug6_axicon3_013,dark
2,auto_scan-2026-08-06_11-19-48,y0140.00cm,aug6_axicon3_013,beam
7,auto_scan-2026-08-06_11-19-48,y0140.00cm,aug6_axicon3_013,dark
1,auto_scan-2026-08-06_11-19-48,y0141.00cm,aug6_axicon3_013,beam
1,auto_scan-2026-08-06_11-19-48,y0142.00cm,aug6_axicon3_013,beam
8,auto_scan-2026-08-06_11-28-06,y0140.00cm,aug6_axicon3_014,beam
22,auto_scan-2026-08-06_11-28-06,y0140.00cm,aug6_axicon3_014,dark
3,auto_scan-2026-08-06_11-28-06,y0141.00cm,aug6_axicon3_014,beam
13,auto_scan-2026-08-06_11-28-06,y0141.00cm,aug6_axicon3_014,dark
1,auto_scan-2026-08-06_11-28-06,y0142.00cm,aug6_axicon3_014,beam
1,auto_scan-2026-08-06_11-28-06,y0143.00cm,aug6_axicon3_014,beam
1,auto_scan-2026-08-06_11-28-06,y0144.00cm,aug6_axicon3_014,beam
1,auto_scan-2026-08-06_11-28-06,y0145.00cm,aug6_axicon3_014,beam
1,auto_scan-2026-08-06_11-28-06,y0146.00cm,aug6_axicon3_014,beam
1,auto_scan-2026-08-06_11-28-06,y0147.00cm,aug6_axicon3_014,beam
2,auto_scan-2026-08-06_11-28-06,y0148.00cm,aug6_axicon3_014,beam
10,auto_scan-2026-08-06_11-28-06,y0148.00cm,aug6_axicon3_014,dark
2,auto_scan-2026-08-06_11-28-06,y0149.00cm,aug6_axicon3_014,beam
10,auto_scan-2026-08-06_11-28-06,y0149.00cm,aug6_axicon3_014,dark
1,auto_scan-2026-08-06_11-28-06,y0150.00cm,aug6_axicon3_014,beam
1,auto_scan-2026-08-06_11-28-06,y0151.00cm,aug6_axicon3_014,beam
1,auto_scan-2026-08-06_11-28-06,y0152.00cm,aug6_axicon3_014,beam
4,auto_scan-2026-08-06_11-42-44,y0150.00cm,aug6_axicon3_015,beam
12,auto_scan-2026-08-06_11-42-44,y0150.00cm,aug6_axicon3_015,dark
4,auto_scan-2026-08-06_11-42-44,y0151.00cm,aug6_axicon3_015,beam
12,auto_scan-2026-08-06_11-42-44,y0151.00cm,aug6_axicon3_015,dark
4,auto_scan-2026-08-06_11-42-44,y0152.00cm,aug6_axicon3_015,beam
12,auto_scan-2026-08-06_11-42-44,y0152.00cm,aug6_axicon3_015,dark
3,auto_scan-2026-08-06_11-42-44,y0153.00cm,aug6_axicon3_015,beam
13,auto_scan-2026-08-06_11-42-44,y0153.00cm,aug6_axicon3_015,dark
1,auto_scan-2026-08-06_11-42-44,y0154.00cm,aug6_axicon3_015,beam
2,auto_scan-2026-08-06_11-42-44,y0155.00cm,aug6_axicon3_015,beam
10,auto_scan-2026-08-06_11-42-44,y0155.00cm,aug6_axicon3_015,dark
2,auto_scan-2026-08-06_11-42-44,y0156.00cm,aug6_axicon3_015,beam
10,auto_scan-2026-08-06_11-42-44,y0156.00cm,aug6_axicon3_015,dark
2,auto_scan-2026-08-06_11-42-44,y0157.00cm,aug6_axicon3_015,beam
10,auto_scan-2026-08-06_11-42-44,y0157.00cm,aug6_axicon3_015,dark
4,auto_scan-2026-08-06_11-42-44,y0158.00cm,aug6_axicon3_015,beam
12,auto_scan-2026-08-06_11-42-44,y0158.00cm,aug6_axicon3_015,dark
4,auto_scan-2026-08-06_11-42-44,y0159.00cm,aug6_axicon3_015,beam
12,auto_scan-2026-08-06_11-42-44,y0159.00cm,aug6_axicon3_015,dark
4,auto_scan-2026-08-06_11-42-44,y0160.00cm,aug6_axicon3_015,beam
12,auto_scan-2026-08-06_11-42-44,y0160.00cm,aug6_axicon3_015,dark
4,auto_scan-2026-08-06_11-42-44,y0161.00cm,aug6_axicon3_015,beam
12,auto_scan-2026-08-06_11-42-44,y0161.00cm,aug6_axicon3_015,dark
4,auto_scan-2026-08-06_11-42-44,y0162.00cm,aug6_axicon3_015,beam
12,auto_scan-2026-08-06_11-42-44,y0162.00cm,aug6_axicon3_015,dark
4,auto_scan-2026-08-06_11-58-30,y0160.00cm,aug6_axicon3_016,beam
12,auto_scan-2026-08-06_11-58-30,y0160.00cm,aug6_axicon3_016,dark
4,auto_scan-2026-08-06_11-58-30,y0161.00cm,aug6_axicon3_016,beam
12,auto_scan-2026-08-06_11-58-30,y0161.00cm,aug6_axicon3_016,dark
4,auto_scan-2026-08-06_11-58-30,y0162.00cm,aug6_axicon3_016,beam
12,auto_scan-2026-08-06_11-58-30,y0162.00cm,aug6_axicon3_016,dark
4,auto_scan-2026-08-06_11-58-30,y0163.00cm,aug6_axicon3_016,beam
12,auto_scan-2026-08-06_11-58-30,y0163.00cm,aug6_axicon3_016,dark
4,auto_scan-2026-08-06_11-58-30,y0164.00cm,aug6_axicon3_016,beam
12,auto_scan-2026-08-06_11-58-30,y0164.00cm,aug6_axicon3_016,dark
4,auto_scan-2026-08-06_11-58-30,y0165.00cm,aug6_axicon3_016,beam
12,auto_scan-2026-08-06_11-58-30,y0165.00cm,aug6_axicon3_016,dark
4,auto_scan-2026-08-06_11-58-30,y0166.00cm,aug6_axicon3_016,beam
12,auto_scan-2026-08-06_11-58-30,y0166.00cm,aug6_axicon3_016,dark
6,auto_scan-2026-08-06_11-58-30,y0167.00cm,aug6_axicon3_016,beam
14,auto_scan-2026-08-06_11-58-30,y0167.00cm,aug6_axicon3_016,dark
6,auto_scan-2026-08-06_11-58-30,y0168.00cm,aug6_axicon3_016,beam
14,auto_scan-2026-08-06_11-58-30,y0168.00cm,aug6_axicon3_016,dark
6,auto_scan-2026-08-06_11-58-30,y0169.00cm,aug6_axicon3_016,beam
14,auto_scan-2026-08-06_11-58-30,y0169.00cm,aug6_axicon3_016,dark
6,auto_scan-2026-08-06_11-58-30,y0170.00cm,aug6_axicon3_016,beam
14,auto_scan-2026-08-06_11-58-30,y0170.00cm,aug6_axicon3_016,dark
6,auto_scan-2026-08-06_11-58-30,y0171.00cm,aug6_axicon3_016,beam
14,auto_scan-2026-08-06_11-58-30,y0171.00cm,aug6_axicon3_016,dark
4,auto_scan-2026-08-06_11-58-30,y0172.00cm,aug6_axicon3_016,beam
12,auto_scan-2026-08-06_11-58-30,y0172.00cm,aug6_axicon3_016,dark
1,auto_scan-2026-08-06_13-33-08,y0120.00cm,aug6_axicon3_012,beam
3,auto_scan-2026-08-06_13-33-08,y0120.00cm,aug6_axicon3_012-background,background
1,auto_scan-2026-08-06_13-33-08,y0121.00cm,aug6_axicon3_012,beam
1,auto_scan-2026-08-06_13-33-08,y0122.00cm,aug6_axicon3_012,beam
2,auto_scan-2026-08-06_13-33-08,y0123.00cm,aug6_axicon3_012,beam
10,auto_scan-2026-08-06_13-33-08,y0123.00cm,aug6_axicon3_012,dark
2,auto_scan-2026-08-06_13-33-08,y0124.00cm,aug6_axicon3_012,beam
10,auto_scan-2026-08-06_13-33-08,y0124.00cm,aug6_axicon3_012,dark
3,auto_scan-2026-08-06_13-33-08,y0124.00cm,aug6_axicon3_012-background,background
2,auto_scan-2026-08-06_13-33-08,y0125.00cm,aug6_axicon3_012,beam
10,auto_scan-2026-08-06_13-33-08,y0125.00cm,aug6_axicon3_012,dark
3,auto_scan-2026-08-06_13-33-08,y0125.00cm,aug6_axicon3_012-background,background
2,auto_scan-2026-08-06_13-33-08,y0126.00cm,aug6_axicon3_012,beam
7,auto_scan-2026-08-06_13-33-08,y0126.00cm,aug6_axicon3_012,dark
1,auto_scan-2026-08-06_13-33-08,y0127.00cm,aug6_axicon3_012,beam
3,auto_scan-2026-08-06_13-33-08,y0127.00cm,aug6_axicon3_012-background,background
1,auto_scan-2026-08-06_13-33-08,y0128.00cm,aug6_axicon3_012,beam
3,auto_scan-2026-08-06_13-33-08,y0128.00cm,aug6_axicon3_012-background,background
1,auto_scan-2026-08-06_13-33-08,y0129.00cm,aug6_axicon3_012,beam
1,auto_scan-2026-08-06_13-33-08,y0130.00cm,aug6_axicon3_012,beam
1,auto_scan-2026-08-06_13-33-08,y0131.00cm,aug6_axicon3_012,beam
3,auto_scan-2026-08-06_13-33-08,y0131.00cm,aug6_axicon3_012-background,background
2,auto_scan-2026-08-06_13-33-08,y0132.00cm,aug6_axicon3_012,beam
10,auto_scan-2026-08-06_13-33-08,y0132.00cm,aug6_axicon3_012,dark
4,auto_scan-2026-08-06_18-38-37,y0005.00cm,aug6_telescope_001,beam
8,auto_scan-2026-08-06_18-38-37,y0005.00cm,aug6_telescope_001,dark
3,auto_scan-2026-08-06_18-38-37,y0005.00cm,aug6_telescope_001-background,background
4,auto_scan-2026-08-06_18-38-37,y0006.00cm,aug6_telescope_001,beam
8,auto_scan-2026-08-06_18-38-37,y0006.00cm,aug6_telescope_001,dark
4,auto_scan-2026-08-06_18-38-37,y0007.00cm,aug6_telescope_001,beam
8,auto_scan-2026-08-06_18-38-37,y0007.00cm,aug6_telescope_001,dark
4,auto_scan-2026-08-06_18-38-37,y0008.00cm,aug6_telescope_001,beam
8,auto_scan-2026-08-06_18-38-37,y0008.00cm,aug6_telescope_001,dark
4,auto_scan-2026-08-06_18-38-37,y0009.00cm,aug6_telescope_001,beam
8,auto_scan-2026-08-06_18-38-37,y0009.00cm,aug6_telescope_001,dark
4,auto_scan-2026-08-06_18-38-37,y0010.00cm,aug6_telescope_001,beam
8,auto_scan-2026-08-06_18-38-37,y0010.00cm,aug6_telescope_001,dark
4,auto_scan-2026-08-06_18-38-37,y0011.00cm,aug6_telescope_001,beam
8,auto_scan-2026-08-06_18-38-37,y0011.00cm,aug6_telescope_001,dark
4,auto_scan-2026-08-06_18-38-37,y0012.00cm,aug6_telescope_001,beam
8,auto_scan-2026-08-06_18-38-37,y0012.00cm,aug6_telescope_001,dark
3,auto_scan-2026-08-06_18-38-37,y0012.00cm,aug6_telescope_001-background,background
4,auto_scan-2026-08-06_18-38-37,y0013.00cm,aug6_telescope_001,beam
8,auto_scan-2026-08-06_18-38-37,y0013.00cm,aug6_telescope_001,dark
4,auto_scan-2026-08-06_18-38-37,y0014.00cm,aug6_telescope_001,beam
8,auto_scan-2026-08-06_18-38-37,y0014.00cm,aug6_telescope_001,dark
4,auto_scan-2026-08-06_18-38-37,y0015.00cm,aug6_telescope_001,beam
8,auto_scan-2026-08-06_18-38-37,y0015.00cm,aug6_telescope_001,dark
4,auto_scan-2026-08-06_18-38-37,y0016.00cm,aug6_telescope_001,beam
8,auto_scan-2026-08-06_18-38-37,y0016.00cm,aug6_telescope_001,dark
4,auto_scan-2026-08-06_18-38-37,y0017.00cm,aug6_telescope_001,beam
8,auto_scan-2026-08-06_18-38-37,y0017.00cm,aug6_telescope_001,dark
4,auto_scan-2026-08-06_20-51-45,y0005.00cm,aug6_telescope_001,beam
12,auto_scan-2026-08-06_20-51-45,y0005.00cm,aug6_telescope_001,dark
3,auto_scan-2026-08-06_20-51-45,y0006.00cm,aug6_telescope_001,beam
13,auto_scan-2026-08-06_20-51-45,y0006.00cm,aug6_telescope_001,dark
1,auto_scan-2026-08-06_20-51-45,y0007.00cm,aug6_telescope_001,beam
1,auto_scan-2026-08-06_20-51-45,y0008.00cm,aug6_telescope_001,beam
1,auto_scan-2026-08-06_20-51-45,y0009.00cm,aug6_telescope_001,beam
1,auto_scan-2026-08-06_20-51-45,y0010.00cm,aug6_telescope_001,beam
1,auto_scan-2026-08-06_20-51-45,y0011.00cm,aug6_telescope_001,beam
1,auto_scan-2026-08-06_20-51-45,y0012.00cm,aug6_telescope_001,beam
1,auto_scan-2026-08-06_20-51-45,y0013.00cm,aug6_telescope_001,beam
1,auto_scan-2026-08-06_20-51-45,y0014.00cm,aug6_telescope_001,beam
1,auto_scan-2026-08-06_20-51-45,y0015.00cm,aug6_telescope_001,beam
1,auto_scan-2026-08-06_20-51-45,y0016.00cm,aug6_telescope_001,beam
1,auto_scan-2026-08-06_20-51-45,y0017.00cm,aug6_telescope_001,beam
4,auto_scan-2026-08-06_20-57-25,y0025.00cm,aug6_telescope_003,beam
12,auto_scan-2026-08-06_20-57-25,y0025.00cm,aug6_telescope_003,dark
4,auto_scan-2026-08-06_20-57-25,y0026.00cm,aug6_telescope_003,beam
12,auto_scan-2026-08-06_20-57-25,y0026.00cm,aug6_telescope_003,dark
2,auto_scan-2026-08-06_20-57-25,y0027.00cm,aug6_telescope_003,beam
10,auto_scan-2026-08-06_20-57-25,y0027.00cm,aug6_telescope_003,dark
2,auto_scan-2026-08-06_20-57-25,y0028.00cm,aug6_telescope_003,beam
10,auto_scan-2026-08-06_20-57-25,y0028.00cm,aug6_telescope_003,dark
2,auto_scan-2026-08-06_20-57-25,y0029.00cm,aug6_telescope_003,beam
10,auto_scan-2026-08-06_20-57-25,y0029.00cm,aug6_telescope_003,dark
2,auto_scan-2026-08-06_20-57-25,y0030.00cm,aug6_telescope_003,beam
7,auto_scan-2026-08-06_20-57-25,y0030.00cm,aug6_telescope_003,dark
1,auto_scan-2026-08-06_20-57-25,y0031.00cm,aug6_telescope_003,beam
1,auto_scan-2026-08-06_20-57-25,y0032.00cm,aug6_telescope_003,beam
1,auto_scan-2026-08-06_20-57-25,y0033.00cm,aug6_telescope_003,beam
1,auto_scan-2026-08-06_20-57-25,y0034.00cm,aug6_telescope_003,beam
1,auto_scan-2026-08-06_20-57-25,y0035.00cm,aug6_telescope_003,beam
1,auto_scan-2026-08-06_20-57-25,y0036.00cm,aug6_telescope_003,beam
1,auto_scan-2026-08-06_20-57-25,y0037.00cm,aug6_telescope_003,beam
9,auto_scan-2026-08-06_21-06-22,y0045.00cm,aug6_telescope_005,beam
16,auto_scan-2026-08-06_21-06-22,y0045.00cm,aug6_telescope_005,dark
1,auto_scan-2026-08-06_21-06-22,y0046.00cm,aug6_telescope_005,beam
1,auto_scan-2026-08-06_21-06-22,y0047.00cm,aug6_telescope_005,beam
1,auto_scan-2026-08-06_21-06-22,y0048.00cm,aug6_telescope_005,beam
1,auto_scan-2026-08-06_21-06-22,y0049.00cm,aug6_telescope_005,beam
1,auto_scan-2026-08-06_21-06-22,y0050.00cm,aug6_telescope_005,beam
1,auto_scan-2026-08-06_21-06-22,y0051.00cm,aug6_telescope_005,beam
1,auto_scan-2026-08-06_21-06-22,y0052.00cm,aug6_telescope_005,beam
1,auto_scan-2026-08-06_21-06-22,y0053.00cm,aug6_telescope_005,beam
2,auto_scan-2026-08-06_21-06-22,y0054.00cm,aug6_telescope_005,beam
10,auto_scan-2026-08-06_21-06-22,y0054.00cm,aug6_telescope_005,dark
2,auto_scan-2026-08-06_21-06-22,y0055.00cm,aug6_telescope_005,beam
10,auto_scan-2026-08-06_21-06-22,y0055.00cm,aug6_telescope_005,dark
13,auto_scan-2026-08-06_21-06-22,y0056.00cm,aug6_telescope_005,beam
4,auto_scan-2026-08-06_21-22-50,y0065.00cm,aug6_telescope_007,beam
12,auto_scan-2026-08-06_21-22-50,y0065.00cm,aug6_telescope_007,dark
4,auto_scan-2026-08-06_21-22-50,y0066.00cm,aug6_telescope_007,beam
12,auto_scan-2026-08-06_21-22-50,y0066.00cm,aug6_telescope_007,dark
2,auto_scan-2026-08-06_21-22-50,y0067.00cm,aug6_telescope_007,beam
10,auto_scan-2026-08-06_21-22-50,y0067.00cm,aug6_telescope_007,dark
2,auto_scan-2026-08-06_21-22-50,y0068.00cm,aug6_telescope_007,beam
10,auto_scan-2026-08-06_21-22-50,y0068.00cm,aug6_telescope_007,dark
2,auto_scan-2026-08-06_21-22-50,y0069.00cm,aug6_telescope_007,beam
10,auto_scan-2026-08-06_21-22-50,y0069.00cm,aug6_telescope_007,dark
2,auto_scan-2026-08-06_21-22-50,y0070.00cm,aug6_telescope_007,beam
10,auto_scan-2026-08-06_21-22-50,y0070.00cm,aug6_telescope_007,dark
2,auto_scan-2026-08-06_21-22-50,y0071.00cm,aug6_telescope_007,beam
10,auto_scan-2026-08-06_21-22-50,y0071.00cm,aug6_telescope_007,dark
2,auto_scan-2026-08-06_21-22-50,y0072.00cm,aug6_telescope_007,beam
10,auto_scan-2026-08-06_21-22-50,y0072.00cm,aug6_telescope_007,dark
2,auto_scan-2026-08-06_21-22-50,y0073.00cm,aug6_telescope_007,beam
10,auto_scan-2026-08-06_21-22-50,y0073.00cm,aug6_telescope_007,dark
2,auto_scan-2026-08-06_21-22-50,y0074.00cm,aug6_telescope_007,beam
10,auto_scan-2026-08-06_21-22-50,y0074.00cm,aug6_telescope_007,dark
2,auto_scan-2026-08-06_21-22-50,y0075.00cm,aug6_telescope_007,beam
10,auto_scan-2026-08-06_21-22-50,y0075.00cm,aug6_telescope_007,dark
2,auto_scan-2026-08-06_21-22-50,y0076.00cm,aug6_telescope_007,beam
10,auto_scan-2026-08-06_21-22-50,y0076.00cm,aug6_telescope_007,dark
2,auto_scan-2026-08-06_21-22-50,y0077.00cm,aug6_telescope_007,beam
10,auto_scan-2026-08-06_21-22-50,y0077.00cm,aug6_telescope_007,dark
4,auto_scan-2026-08-06_21-38-42,y0095.00cm,aug6_telescope_010,beam
12,auto_scan-2026-08-06_21-38-42,y0095.00cm,aug6_telescope_010,dark
4,auto_scan-2026-08-06_21-38-42,y0096.00cm,aug6_telescope_010,beam
12,auto_scan-2026-08-06_21-38-42,y0096.00cm,aug6_telescope_010,dark
4,auto_scan-2026-08-06_21-38-42,y0097.00cm,aug6_telescope_010,beam
12,auto_scan-2026-08-06_21-38-42,y0097.00cm,aug6_telescope_010,dark
4,auto_scan-2026-08-06_21-38-42,y0098.00cm,aug6_telescope_010,beam
12,auto_scan-2026-08-06_21-38-42,y0098.00cm,aug6_telescope_010,dark
3,auto_scan-2026-08-06_21-38-42,y0099.00cm,aug6_telescope_010,beam
13,auto_scan-2026-08-06_21-38-42,y0099.00cm,aug6_telescope_010,dark
4,auto_scan-2026-08-06_21-38-42,y0100.00cm,aug6_telescope_010,beam
12,auto_scan-2026-08-06_21-38-42,y0100.00cm,aug6_telescope_010,dark
4,auto_scan-2026-08-06_21-38-42,y0101.00cm,aug6_telescope_010,beam
12,auto_scan-2026-08-06_21-38-42,y0101.00cm,aug6_telescope_010,dark
4,auto_scan-2026-08-06_21-38-42,y0102.00cm,aug6_telescope_010,beam
12,auto_scan-2026-08-06_21-38-42,y0102.00cm,aug6_telescope_010,dark
4,auto_scan-2026-08-06_21-38-42,y0103.00cm,aug6_telescope_010,beam
12,auto_scan-2026-08-06_21-38-42,y0103.00cm,aug6_telescope_010,dark
4,auto_scan-2026-08-06_21-38-42,y0104.00cm,aug6_telescope_010,beam
12,auto_scan-2026-08-06_21-38-42,y0104.00cm,aug6_telescope_010,dark
4,auto_scan-2026-08-06_21-38-42,y0105.00cm,aug6_telescope_010,beam
12,auto_scan-2026-08-06_21-38-42,y0105.00cm,aug6_telescope_010,dark
4,auto_scan-2026-08-06_21-38-42,y0106.00cm,aug6_telescope_010,beam
12,auto_scan-2026-08-06_21-38-42,y0106.00cm,aug6_telescope_010,dark
4,auto_scan-2026-08-06_21-38-42,y0107.00cm,aug6_telescope_010,beam
12,auto_scan-2026-08-06_21-38-42,y0107.00cm,aug6_telescope_010,dark
9,auto_scan-2026-08-06_21-55-58,y0055.00cm,aug6_telescope_006,beam
16,auto_scan-2026-08-06_21-55-58,y0055.00cm,aug6_telescope_006,dark
1,auto_scan-2026-08-06_21-55-58,y0056.00cm,aug6_telescope_006,beam
1,auto_scan-2026-08-06_21-55-58,y0057.00cm,aug6_telescope_006,beam
1,auto_scan-2026-08-06_21-55-58,y0058.00cm,aug6_telescope_006,beam
1,auto_scan-2026-08-06_21-55-58,y0059.00cm,aug6_telescope_006,beam
1,auto_scan-2026-08-06_21-55-58,y0060.00cm,aug6_telescope_006,beam
1,auto_scan-2026-08-06_21-55-58,y0061.00cm,aug6_telescope_006,beam
1,auto_scan-2026-08-06_21-55-58,y0062.00cm,aug6_telescope_006,beam
1,auto_scan-2026-08-06_21-55-58,y0063.00cm,aug6_telescope_006,beam
4,auto_scan-2026-08-06_21-55-58,y0064.00cm,aug6_telescope_006,beam
12,auto_scan-2026-08-06_21-55-58,y0064.00cm,aug6_telescope_006,dark
4,auto_scan-2026-08-06_21-55-58,y0065.00cm,aug6_telescope_006,beam
12,auto_scan-2026-08-06_21-55-58,y0065.00cm,aug6_telescope_006,dark
4,auto_scan-2026-08-06_21-55-58,y0066.00cm,aug6_telescope_006,beam
12,auto_scan-2026-08-06_21-55-58,y0066.00cm,aug6_telescope_006,dark
4,auto_scan-2026-08-06_21-55-58,y0067.00cm,aug6_telescope_006,beam
12,auto_scan-2026-08-06_21-55-58,y0067.00cm,aug6_telescope_006,dark
